mass,parallax,alpha_min_arcsec,spectral_type,distance_pc,Mercury_like,Earth_like,Super_Earth,Sub_Neptune,Neptune_like,Sub_Saturn,Saturn_like,Jupiter_like,Super_Jupiter
1.802355,17.90604963814855,0.0002585094466055,A,55.84704723868944,157542.78319485395,8664.853075716966,1732.9706151433934,1237.8361536738526,506.71655413549513,144.41421792861613,91.20897974438913,27.265113517045204,8.664853075716968
2.2784572,14.188767711261276,0.0003073013593803,A,70.47828397432461,298773.6010365662,16432.548057011143,3286.5096114022285,2347.506865287306,960.9677226322304,273.8758009501857,172.9741900738015,51.70719967593185,16.43254805701114
1.75598,10.194857412796248,0.0001016893106195,A,98.0886695624436,106046.23550107866,5832.542952559326,1166.5085905118651,833.2204217941895,341.0843831906039,97.20904920932212,61.395188974308695,18.352872726744263,5.832542952559326
1.7321156,12.037702095073271,0.0001501894436489,A,83.0723332494891,130844.12711993368,7196.426991596353,1439.2853983192706,1028.060998799479,420.84368371908494,119.94044985993922,75.7518630694353,22.64451539205901,7.196426991596352
1.7638856,11.416689027357858,0.0001265118220588,A,87.59106931998375,118343.08806890273,6508.869843789649,1301.77396875793,929.838549112807,380.6356633795117,108.48116406316082,68.5144194083121,20.48102531085478,6.508869843789649
2.233214,22.729590080435017,0.0006399692383779,A,43.99551406167996,380696.9359803191,20938.331478917546,4187.666295783509,2991.190211273936,1224.4638291764647,348.97219131529243,220.4034892517637,65.8852469443598,20.938331478917547
2.1269352,10.64597792051602,0.0001076883630865,A,93.93218804943088,130262.38249669844,7164.4310373184135,1432.886207463683,1023.4901481883448,418.9725752817785,119.40718395530688,75.41506355072015,22.543835863179403,7.164431037318414
2.0241227,20.90535943011212,0.0005938794690577,A,47.83462362094564,348144.1100637862,19147.926053508243,3829.585210701649,2735.4180076440343,1119.761757515102,319.13210089180404,201.55711635271837,60.25149796572763,19.147926053508243
1.7556344,18.185862361192687,8.935919664055312e-05,A,54.98776907791448,52230.1149621958,2872.6563229207686,574.5312645841537,410.379474702967,167.9915978316239,47.87760538201282,30.238487609692303,9.03919547803892,2.872656322920769
1.9628915,10.62305687460938,9.398146142449164e-05,A,94.13486266746274,105140.61810064122,5782.733995535266,1156.5467991070532,826.104856505038,338.1715786862728,96.37889992558776,60.87088416352912,18.19614221376736,5.782733995535267
2.3608148,10.23485151971758,0.0001020919073542,A,97.70537443298386,142578.2350020135,7841.802925110743,1568.3605850221486,1120.2575607301062,458.5849663807452,130.69671541851238,82.54529394853412,24.67527666806401,7.841802925110743
1.7599461,11.792438590609436,0.0001346665670285,A,84.80010239750757,121685.00858770308,6692.67547232367,1338.535094464734,956.0964960462384,391.3845305452438,111.5445912053945,70.4492154981439,21.059394186040496,6.692675472323669
2.1831996,12.83701540259684,0.0001537545311166,A,77.8997273616815,158321.11799903112,8707.661489946711,1741.5322979893422,1243.9516414209588,509.2199701723224,145.12769149911188,91.65959463101802,27.39981589032949,8.707661489946712
1.8095675,12.814972456690189,0.0001017968636038,A,78.0337221464678,87030.81531245795,4786.694842185188,957.3389684370376,683.8135488835983,279.92367498158995,79.77824736975313,50.38626149668619,15.061972442370005,4.786694842185188
2.005174,13.209559178423508,0.0001394764929379,A,75.70275332377479,128187.68445216688,7050.322644869179,1410.0645289738356,1007.1889492670256,412.2995698753906,117.50537741448632,74.2139225775703,22.18477861821642,7.050322644869179
2.0426712,10.943263901735484,0.0002063843799019,A,91.38041529286438,233243.7214390572,12828.404679148149,2565.6809358296296,1832.6292398783064,750.1991040437512,213.80674465246912,135.03583872787522,40.36628281670279,12.828404679148148
2.0618165,16.33682274122043,0.0003803133941182,A,61.21141276001234,290606.6706023617,15983.366883129893,3196.6733766259786,2283.338126161413,934.6998177268944,266.3894480521649,168.24596719084096,50.29379132514126,15.983366883129891
2.1118195,10.684586311418936,0.0001247852842588,A,93.59276726804764,149328.9463288848,8213.092048088665,1642.6184096177328,1173.2988640126664,480.29778058998033,136.8848674681444,86.45360050619647,25.843587313054325,8.213092048088663
1.8492891,10.228734132371814,8.969799178068958e-05,A,97.76380801952884,98185.4609377406,5400.200351575733,1080.0400703151463,771.4571930822476,315.80119015062763,90.00333919292889,56.84421422711298,16.992449186833646,5.400200351575733
1.9707515,10.537215113095188,0.0001235427887292,A,94.90173535104584,139895.89276968664,7694.274102332765,1538.854820466553,1099.1820146189664,449.9575498440213,128.2379017055461,80.99235897192385,24.21105759072613,7.6942741023327645
2.4254642,10.651113701393182,0.0001191929423549,A,93.8868955900075,164335.7051704688,9038.463784375785,1807.6927568751569,1291.2091120536834,528.5651335892271,150.64106307292974,95.1417240460609,28.440729340389503,9.038463784375784
2.153948,10.208912967598584,0.0001079392363303,A,97.95362181789932,137884.8649809365,7583.667573951507,1516.7335147903011,1083.3810819930725,443.4893318100296,126.39445956585844,79.82807972580532,23.863019427160182,7.583667573951506
1.6846784,10.117921202559662,0.0001096958444135,A,98.83453132121814,110585.30864113456,6082.191975262401,1216.4383950524802,868.8845678946287,355.6837412434152,101.36986625437336,64.02307342381474,19.13842660560856,6.0821919752624005
2.3066423,14.467593778872413,9.400638941332352e-05,A,69.11999433246037,90745.0329242536,4990.976810833949,998.1953621667898,712.9966872619926,291.8699889376578,83.18294684723249,52.536598008778405,15.704772847180456,4.990976810833948
2.2381492,11.579040377806258,0.0001890296312713,A,86.36294264218276,221221.7874228809,12167.198308258452,2433.43966165169,1738.1711868940645,711.5320648104357,202.7866384709742,128.07577166587845,38.28570896242433,12.167198308258452
2.1057918,11.486660165341368,0.0001612255979041,A,87.05750719580737,178952.26425372527,9842.37453395489,1968.474906790978,1406.0535048506986,575.5774581260168,164.03957556591484,103.60394246268304,30.97034151653521,9.84237453395489
2.0757554,14.739937487557183,0.0002430340455788,A,67.84289287821991,207218.81938700483,11397.035066285263,2279.4070132570528,1628.147866612181,666.4932787301324,189.95058443808776,119.96879017142383,35.86228781084098,11.397035066285264
2.318866,10.722063763303655,0.0001141535698586,A,93.2656270355813,149474.91279589455,8221.1202037742,1644.22404075484,1174.4457433963144,480.7672633786081,137.0186700629033,86.53810740814947,25.868848973487097,8.221120203774198
2.3658729,12.899708075341715,0.0001938901767559,A,77.52113413415441,215302.4034961866,11841.632192290264,2368.3264384580525,1691.6617417557518,692.4931106602493,197.36053653817103,124.64875991884487,37.26127184484034,11.841632192290264
1.8463619,10.07554959640198,9.188667962032696e-05,A,99.2501689790802,101948.8161444865,5607.184887946757,1121.4369775893515,801.0264125638224,327.90554900273435,93.45308146577928,59.02299882049218,17.643753580700935,5.607184887946756
1.7440376,11.535546554655737,0.0001505759147474,A,86.68856696663418,137833.48012475358,7580.841406861447,1516.1682813722894,1082.9773438373495,443.3240588807863,126.34735678102412,79.79833059854155,23.85412651624118,7.580841406861446
2.2018263,16.745142987059477,0.0003748192446579,A,59.71880925548337,298399.17611657706,16411.95468641174,3282.390937282348,2344.564955201677,959.7634319539028,273.5325781068624,172.75741775170252,51.64239989431007,16.41195468641174
1.9169682,14.82952104599689,0.0001046804199349,A,67.43306118237325,81928.45858547915,4506.065222201353,901.2130444402706,643.7236031716218,263.5125860936463,75.10108703668921,47.432265496856346,14.178933990564357,4.506065222201353
2.2139034,10.043730479200663,0.0001018344437603,A,99.56459923639704,135906.38375419567,7474.851106480763,1494.9702212961524,1067.8358723543947,437.1257957006293,124.58085177467936,78.6826432261133,23.52061392851089,7.474851106480762
1.9106331,10.784665517420196,0.0001690121767245,A,92.72424799681784,181288.4585133065,9970.86521823186,1994.173043646372,1424.4093168902657,583.0915332299334,166.181086970531,104.956475981388,31.37465455705431,9.97086521823186
1.8164871,12.001446394919329,0.0001068524560222,A,83.32329013470728,97918.5066175678,5385.517863966229,1077.1035727932458,769.3596948523185,314.94256514422386,89.75863106610382,56.68966172596031,16.946248785293356,5.3855178639662284
1.7326348,12.441458021543534,0.0001357583731794,A,80.37643162629394,114467.95484630612,6295.737516546836,1259.147503309367,899.391073792405,368.1717845933821,104.92895860911392,66.2709212268088,19.810376074722576,6.2957375165468346
1.9201826,19.26107025210329,0.000387216365542,A,51.91819493471817,233720.79936191213,12854.643964905166,2570.928792981033,1836.3777092721668,751.7335651991325,214.2440660817528,135.31204173584385,40.448848221853886,12.854643964905168
1.8843893,10.019720939961005,9.540268335960654e-05,A,99.8031787503946,108631.84047743728,5974.751226259051,1194.95024525181,853.5358894655787,349.4006565063772,99.57918710431753,62.89211817114791,18.800349988228604,5.97475122625905
1.7742587,33.05456223416199,0.0003686297873611,A,30.25300994506885,119800.18903816224,6589.010397098923,1317.8020794197846,941.2871995855604,385.3222454443815,109.81683995164872,69.35800417998867,20.73319822875684,6.589010397098923
2.2717645,14.145591345816678,0.0003832238777393,A,70.6934037293346,372628.7041997976,20494.57873098887,4098.915746197774,2927.7969615698385,1198.5133760812205,341.5763121831478,215.7324076946197,64.48891985836647,20.49457873098887
1.7385039,11.017779386994556,0.000109915856454,A,90.76239093881344,105008.26657934644,5775.454661864053,1155.0909323728108,825.0649516948648,337.7458866587166,96.25757769773422,60.794259598568985,18.173236821472795,5.775454661864054
2.4119139,10.897829644100971,0.0001676877148006,A,91.76139035549184,224700.77796243085,12358.542787933697,2471.708557586739,1765.5061125619566,722.7218004639587,205.97571313222824,130.0899240835126,38.88779983616644,12.358542787933697
1.9607894,10.529878792402448,0.0001072023454395,A,94.9678547792519,120863.01104519094,6647.465607485502,1329.4931214971004,949.6379439265004,388.7406788003217,110.7910934580917,69.97332218405792,20.917135328777537,6.647465607485501
2.20828,10.244854686047834,0.0001143620745772,A,97.60997404500723,149249.1634251466,8208.703988383062,1641.7407976766126,1172.6719983404375,480.0411689112901,136.81173313971772,86.40741040403223,25.82977969912858,8.208703988383062
1.8150674,19.948297525750952,0.0002487254290495,A,50.12959119489346,137021.4794152424,7536.181367838331,1507.2362735676663,1076.597338262619,440.7123606923001,125.60302279730551,79.32822492461402,23.71359775908852,7.536181367838331
1.7307664,14.277813658762732,0.0001569903227796,A,70.03873449393768,115220.87586858116,6337.148172771963,1267.4296345543926,905.3068818245662,370.5934603960212,105.61913621286604,66.70682287128383,19.940680216400136,6.337148172771963
2.040367,11.140841443189125,9.890606816429008e-05,A,89.75982694838036,109671.75141946637,6031.9463280706495,1206.38926561413,861.706618295807,352.7453993023771,100.53243880117748,63.494171874427884,18.980321988894428,6.031946328070649
1.7390777,18.56327107958053,0.0001488299173911,A,53.869816139246765,84418.23430695273,4643.0028868824,928.60057737648,663.2861266974857,271.5206366597895,77.38338144804001,48.873714598762106,14.609826579239773,4.6430028868824
2.0608108,10.383209788190811,0.0001029960434136,A,96.30933212361124,123768.05852677589,6807.243218972674,1361.4486437945347,972.4633169960964,398.0843987703318,113.45405364954458,71.65519177865973,21.419896850134275,6.807243218972674
1.6954821,17.1161505613333,9.052627886839324e-05,A,58.42435169149989,54292.9355261433,2986.1114539378814,597.2222907875763,426.5873505625544,174.62640081508076,49.76852423229802,31.43275214671454,9.396197148954943,2.986111453937881
1.8231394,11.602232245446109,0.0002037784533064,A,86.19031052343408,193873.3558180876,10663.034569994816,2132.606913998963,1523.2906528564024,623.569273099112,177.71724283324693,112.24246915784018,33.55265755190313,10.663034569994815
2.0893984,10.0218663762609,0.0002303304512078,A,99.78181333256752,290740.5129148903,15990.728210318968,3198.1456420637937,2284.389744331281,935.1303046970156,266.51213683864944,168.3234548454628,50.316954720953326,15.990728210318968
2.2383897,11.810972885981034,0.0001100286425421,A,84.66703036690096,126251.72631460422,6943.844947303232,1388.7689894606465,991.9778496147476,406.0728039358615,115.73074912172052,73.09310470845507,21.849732370368883,6.943844947303232
1.731237,16.029121478849397,0.0001841814580067,A,62.3864508931142,120440.97306220476,6624.253518421261,1324.8507036842525,946.3219312030373,387.38324669130174,110.40422530702102,69.72898440443433,20.84409540094796,6.62425351842126
2.0317812,11.004773957191398,0.0001135413034285,A,90.86965383296402,126920.3411121399,6980.618761167694,1396.1237522335389,997.2312515953848,408.2233193665318,116.34364601946156,73.48019748597574,21.965446070382924,6.980618761167694
2.1332428,11.305998444171124,0.0001350325465638,A,88.44862352829671,154259.30458779712,8484.26175232884,1696.8523504657685,1212.0373931898346,496.1556580309264,141.40436253881404,89.30801844556674,26.696858880833357,8.484261752328841
2.1108499,10.662870771603709,0.0001710228862549,A,93.78337423567956,204983.53667373737,11274.094517055555,2254.8189034111106,1610.5849310079363,659.3037729272254,187.9015752842592,118.67467912690056,35.475439008985376,11.274094517055556
1.8904842,13.556775744008872,0.0001152568387596,A,73.76385203110914,97311.6614848578,5352.141381667179,1070.428276333436,764.5916259524541,312.990724074104,89.20235636111966,56.338330333338725,16.84122524124348,5.352141381667179
1.7305949,15.743406300155408,0.0001936272405472,A,63.51865542529565,128867.8895035316,7087.733922694238,1417.5467845388475,1012.5334175277482,414.4873639002477,118.12889871157064,74.6077255020446,22.302498183430576,7.0877339226942375
2.0253868,10.279503307840969,0.0001027154088075,A,97.28096485335269,122532.97772385892,6739.313774812241,1347.8627549624482,962.7591106874628,394.1119166556865,112.32189624687068,70.94014499802358,21.206147812499182,6.73931377481224
1.8521243,18.796992496347176,0.0002319600208175,A,53.19999995713837,138380.9936541486,7610.954650978173,1522.1909301956348,1087.2792358540248,445.085067308665,126.84924418296956,80.11531211555972,23.94888184700495,7.610954650978173
1.7863145,10.26379078643044,0.0001701076915078,A,97.42988928828136,179248.5402161735,9858.669711889544,1971.7339423779083,1408.3813874127918,576.5303925081604,164.3111618648257,103.77547065146888,31.021616462836825,9.858669711889544
2.021919,14.371144454442367,0.0001603344310344,A,69.58388061368925,136577.99646851415,7511.789805768279,1502.357961153656,1073.1128293954682,439.2859535537005,125.19649676280464,79.07147163966609,23.636846462455253,7.511789805768279
2.317149,11.193337801725448,0.0001371141673215,A,89.33885653355789,171853.43821227213,9451.939101674969,1890.3878203349932,1350.2770145249954,552.7449767061385,157.53231836124945,99.49409580710493,29.741784460902977,9.451939101674968
1.8046931,10.386908614908014,9.389455955476104e-05,A,96.27503592019,98773.17640498708,5432.524702274291,1086.504940454858,776.0749574677557,317.69150305697605,90.54207837123816,57.18447055025569,17.09416205876114,5.432524702274291
1.7592095,18.983837757905523,0.0001736054999342,A,52.67638781750364,97404.39917582332,5357.241954670283,1071.4483909340568,765.3202792386119,313.28900319709254,89.28736591117139,56.39202057547666,16.85727487309718,5.357241954670283
2.1358068,20.60281514733324,0.0002847403712013,A,48.53705636093312,178717.05109691832,9829.437810330508,1965.8875620661013,1404.2054014757866,574.8209245807315,163.82396350550846,103.46776642453166,30.9296343937398,9.829437810330507
1.6948357,17.09759907465156,8.483802268265758e-05,A,58.487744134939575,50917.20504617471,2800.446277539609,560.0892555079218,400.06375393422985,163.76878816021102,46.67410462566015,29.478381868837985,8.811976958903742,2.800446277539609
1.9209323,16.997499248253376,0.0001549360091085,A,58.83218380508284,106013.44258118424,5830.7393419651335,1166.1478683930268,832.9627631378762,340.97890888684987,97.17898903275224,61.37620359963298,18.347197425944408,5.830739341965134
2.144714,10.603190274095798,0.0001389417257789,A,94.31123785857709,170155.92048807687,9358.575626844227,1871.7151253688453,1336.939375263461,547.2851243768554,155.97626044740375,98.51132238783396,29.448003860428653,9.358575626844226
1.9048485,11.82457355644272,0.0001334521760556,A,84.56964601950837,130161.38370107504,7158.876103559126,1431.775220711825,1022.6965862227324,418.6477253543348,119.31460172598544,75.35659056378027,22.526356524729785,7.158876103559126
1.8520277,30.631907201506795,0.0004572160339284,A,32.64569827212096,167369.54535183133,9205.324994350724,1841.0649988701448,1315.0464277643891,538.3230990848376,153.42208323917873,96.89815783527077,28.96578034723324,9.205324994350724
1.9969393,12.124123983499768,0.0001268840326329,A,82.48018589721964,126532.7690030749,6959.302295169119,1391.860459033824,994.1860421670171,406.9767424075508,115.988371586152,73.25581363335915,21.898370972841786,6.95930229516912
2.1482596,16.439625746140095,0.0004689162245644,A,60.82863536201806,370998.05981921137,20404.893290056625,4080.9786580113255,2914.984755722375,1193.2686134536038,340.0815548342771,214.78835042164872,64.2067126811096,20.404893290056627
1.8901086,14.286670992333496,0.0001176214700126,A,69.99531245148847,94215.82633452446,5181.870448398846,1036.3740896797692,740.267206914121,303.03335955548806,86.3645074733141,54.54600471998785,16.305445086214114,5.181870448398846
2.0177023,12.602956467094836,0.0001980718824254,A,79.34646149186568,191994.60528927157,10559.703290909934,2111.940658181987,1508.529041558562,617.526508240347,175.9950548484989,111.15477148326246,33.22751192860269,10.559703290909937
1.8560305,10.576278122407317,0.0001021721657569,A,94.55122004416287,108559.1387244726,5970.7526298459925,1194.1505259691985,852.9646614065705,349.16682045883,99.51254383076656,62.85002768258939,18.787767872391417,5.970752629845992
1.8793595,10.028560712454228,0.0001284933837327,A,99.7152062666504,145791.95696205882,8018.557632913235,1603.711526582647,1145.508233273319,468.92149900077385,133.64262721522056,84.4058698201393,25.23145888267223,8.018557632913234
2.087464,11.276024831819855,0.0001043013975121,A,88.68373517395034,116905.41888543974,6429.798038699186,1285.959607739837,918.5425769570264,376.0115812104787,107.16330064498644,67.68208461788616,20.23221535147636,6.429798038699186
1.7964044,16.32449378927963,0.0001692741548482,A,61.25764222206416,112781.16729685412,6202.964201326977,1240.5928402653954,886.137743046711,362.7464445220454,103.38273668878294,65.29436001396817,19.51845249001566,6.202964201326977
2.2350316,10.434756961190692,0.0001568761040698,A,95.83356888131028,203441.5560239041,11189.285581314723,2237.857116262945,1598.4693687592462,654.3441860417967,186.48809302191208,117.7819534875234,35.20857640438869,11.189285581314724
1.9773266,14.436937395217306,0.0001368890137837,A,69.26676847205016,113515.05769089978,6243.328172999487,1248.6656345998974,891.9040247142124,365.1069107017244,104.05546954999146,65.7192439263104,19.645463099431996,6.243328172999488
2.0289776,16.724804957019288,0.0001866308596505,A,59.79142970993553,137082.23960108592,7539.523178059726,1507.9046356119452,1077.074739722818,440.9077881906272,125.65871963432878,79.36340187431291,23.724113209753703,7.539523178059726
1.977762,10.642789632736376,0.000110624728337,A,93.96032755585804,124466.45249056272,6845.654886980951,1369.13097739619,977.9506981401358,400.33069514508486,114.09424811634918,72.05952512611528,21.540764276214446,6.845654886980951
1.9970158,13.778337521786584,9.443676079960008e-05,A,72.57769657760089,82871.90228042041,4557.954625423123,911.5909250846246,651.1363750604461,266.5470541183113,75.96591042371871,47.97846974129603,14.342210904415111,4.557954625423123
2.2990193,10.788256585918775,0.000125812659212,A,92.69338303514547,162329.41960928083,8928.118078510446,1785.6236157020892,1275.4454397872066,522.1121683339442,148.8019679751741,93.98019030010995,28.09351188958605,8.928118078510446
1.8642883,19.34888374650627,0.0002376013390073,A,51.68256800243398,138607.7732400388,7623.427528202134,1524.685505640427,1089.061075457448,445.8144753334581,127.05712547003556,80.24660556002246,23.988129415362284,7.623427528202134
1.750133,13.87556238988459,0.0001085878505794,A,72.0691509216959,82924.57224672161,4560.851473569689,912.1702947139378,651.5502105099556,266.71646044267186,76.01419122616147,48.00896287968093,14.351326222686245,4.560851473569689
2.3926795,11.778060331099724,0.0001465349811617,A,84.90362350747354,180232.709192238,9912.799005573088,1982.5598011146176,1416.1141436532982,579.6958482791279,165.21331675955147,104.34525269024304,31.191941490160755,9.912799005573088
2.1708634,14.129980039561076,0.0001655603612226,A,70.77150832486691,154002.88530512535,8470.158691781895,1694.031738356379,1210.0226702545565,495.330917648064,141.16931152969823,89.15956517665153,26.652481723668643,8.470158691781895
1.9169903,12.72239611623408,9.820937969154763e-05,A,78.6015457201475,89595.35899653837,4927.744744809611,985.5489489619222,703.9635349728015,288.1722072988076,82.12907908016018,51.87099731378538,15.505804735083734,4.927744744809611
1.7999871,10.874088100434149,0.0001095796346857,A,91.9617342405084,109821.64322908656,6040.19037759976,1208.038075519952,862.8843396571085,353.22750746197426,100.66983962666266,63.58095134315537,19.006262988042035,6.04019037759976
1.8227874,16.26062187406299,0.0002298479323298,A,61.49826296588822,155998.7118959487,8579.929154277179,1715.9858308554358,1225.70416489674,501.7502429401859,142.998819237953,90.31504372923344,26.997889094641845,8.57992915427718
2.121308,11.186508576737063,0.0001429705997232,A,89.3933967993868,164148.7019574477,9028.178607659622,1805.6357215319244,1289.7398010942318,527.9636612666445,150.46964346099372,95.03345902799605,28.40836566286854,9.028178607659624
1.8420526,19.498875897055733,0.0002356121594578,A,51.28500767323704,134763.31823591373,7411.982502975256,1482.396500595051,1058.8546432821793,433.4492691798394,123.53304171625426,78.0208684523711,23.322789499607477,7.411982502975255
2.0724003,16.64777938173386,0.0003365463919377,A,60.068071366756094,253655.22779450996,13951.037528698043,2790.207505739609,1993.005361242578,815.8501478770786,232.51729214496743,146.85302661787415,43.89879650314048,13.951037528698045
2.289996,13.86311432838018,0.0001802445886022,A,72.13386374177323,180267.6087570404,9914.71848163722,1982.943696327444,1416.388354519603,579.8080983413579,165.245308027287,104.36545770144444,31.197981377083764,9.91471848163722
2.0959117,10.228966647071395,0.0001088930670884,A,97.76158574984748,135089.9353517593,7429.946444346762,1485.9892888693523,1061.4209206209662,434.49979206706206,123.8324407391127,78.20996257207118,23.379315432179865,7.429946444346762
1.7506939,13.513972318940434,8.283072552999427e-05,A,73.99748766677992,64968.10553621482,3573.245804491815,714.649160898363,510.4636863559736,208.9617429527377,59.55409674153025,37.6131137314928,11.2436935320699,3.573245804491815
1.9417031,17.031241313354318,0.00021983109394,A,58.715626277686106,151742.48312887872,8345.83657208833,1669.167314417666,1192.26236744119,488.0606182507795,139.09727620147217,87.85091128514033,26.26128562645793,8.345836572088329
1.6736676,17.50450116658979,8.623067466348847e-05,A,57.1281632354462,49918.64610239789,2745.5255356318844,549.1051071263769,392.21793366169777,160.55704886736163,45.75875892719807,28.900268796125097,8.639161534398628,2.7455255356318844
1.9130528,11.49482644797683,0.0001212631737804,A,86.99565883189189,122189.8165586082,6720.439910723451,1344.0879821446902,960.0628443890644,393.008181913652,112.00733184539088,70.74147274445738,21.1467586869838,6.720439910723451
1.850965,10.131887051160067,0.0001133024749281,A,98.69829726196004,125322.43008573791,6892.7336547155855,1378.5467309431172,984.6762363879408,403.0838394570517,114.87889424525974,72.55509110226932,21.68890388519693,6.8927336547155855
1.8054436,15.104043367238312,0.0004260163985974,A,66.20743702107393,308317.77476788743,16957.47761223381,3391.495522446762,2422.496801747687,991.6653574405736,282.6246268705635,178.49976433930323,53.35896039091822,16.957477612233813
2.03848,20.95217888675114,0.0008150749065306,A,47.72773301550695,480127.2200768752,26406.997104228136,5281.399420845627,3772.428157746877,1544.2688365045694,440.1166184038023,277.9683905708225,83.09313122790478,26.406997104228136
2.3414373,12.756921010633228,0.0002851488006128,A,78.38882118706182,316876.3006853337,17428.196537693355,3485.639307538671,2489.7423625276224,1019.1927799820672,290.4699422948893,183.45470039677213,54.84014014378022,17.428196537693353
2.0905192,16.916218270828352,0.0002646569255281,A,59.11486740062217,198023.0236061848,10891.266298340162,2178.253259668033,1555.895185477166,636.9161577976703,181.52110497233605,114.64490840358069,34.2708190633737,10.891266298340163
2.1022027,11.170965099186176,0.0001300394239451,A,89.51778034584063,148163.24309084815,8148.978369996647,1629.7956739993294,1164.139767142378,476.5484426898624,135.8163061666108,85.77871968417523,25.64184509124181,8.148978369996646
2.2581043,14.74738808207032,0.0002749650698236,A,67.80861766401786,254910.6377593254,14020.085076762898,2804.017015352579,2002.8692966804135,819.8880161849647,233.66808461271495,147.57984291329365,44.11606380353334,14.020085076762896
2.2689614,10.007226228704925,0.0001283085318479,A,99.9277898936251,176136.94907750413,9687.532199262729,1937.5064398525456,1383.9331713232468,566.5223508340777,161.45886998771212,101.974023150134,30.483109500512043,9.687532199262728
1.8404956,10.022006568507775,7.467884863775597e-05,A,99.7804175405659,83034.63062793865,4566.904684536626,913.3809369073252,652.4149549338036,267.0704493881068,76.11507807561043,48.07268088985922,14.370373456691713,4.566904684536626
2.0507777,10.17257774739576,0.0001069252055143,A,98.30350033510491,130511.62773360035,7178.1395253480205,1435.627905069604,1025.4485036211456,419.7742412484222,119.63565875580036,75.55936342471601,22.586971445399687,7.178139525348021
2.1115007,10.265753049281392,0.0001416659058402,A,97.411265905135,176419.7912748921,9703.088520119069,1940.617704023813,1386.1555028741525,567.4320771999453,161.71814200198443,102.13777389599016,30.532059534672957,9.703088520119064
1.9547642,11.696101052876688,0.0001536798375037,A,85.49857730188191,155507.6295849133,8552.919627170231,1710.5839254340465,1221.8456610243186,500.1707384310076,142.54866045283717,90.03073291758137,26.912900022562084,8.55291962717023
2.3719778,19.62678828154372,0.000710525705294,A,50.95077124464432,519903.4756262425,28594.69115944334,5718.938231888668,4084.955879920477,1672.2041613709555,476.5781859907223,300.996749046772,89.97700176036292,28.59469115944334
1.8640597,14.23866413290681,0.0001166502949054,A,70.23130756268853,92460.86595941344,5085.34762776774,1017.069525553548,726.4782325382486,297.3887501618561,84.755793796129,53.52997502913411,16.001723183661863,5.08534762776774
1.9563128,14.416317803124342,0.000233970525644,A,69.36584040782435,192232.4245851909,10572.7833521855,2114.5566704371,1510.3976217407856,618.2914241044151,176.2130558697583,111.29245633879474,33.26867008239616,10.572783352185498
1.8793839,11.409748926917787,0.0001345083089484,A,87.64434751415152,134143.63513131323,7377.899932222228,1475.5799864444457,1053.9857046031752,431.45613638726473,122.96499887037048,77.66210454970766,23.215544154254964,7.377899932222228
1.7676316,16.652641817865117,0.0001745789866552,A,60.05053197788655,112197.22828588723,6170.847555723797,1234.169511144759,881.5496508176853,360.8682781125028,102.84745926206328,64.9562900602505,19.417393189816856,6.170847555723797
1.7411375,12.351428762507146,0.0001674659844108,A,80.9622934502531,142930.20681087373,7861.161374598055,1572.232274919611,1123.023053514008,459.7170394501786,131.0193562433009,82.74906710103215,24.73619060603541,7.861161374598056
2.12105,15.611656411542931,0.00018187914198,A,64.05470205330813,149611.97725104104,8228.658748807256,1645.7317497614515,1175.5226784010367,481.2081139653366,137.14431248012093,86.6174605137606,25.89257000883341,8.228658748807257
1.9276241,14.700718385209711,0.0001342473011282,A,68.02388657455631,106578.8173634712,5861.834954990915,1172.3669909981832,837.4049935701307,342.7973657889424,97.6972492498486,61.70352584200964,18.44504391123636,5.861834954990916
2.1023195,11.566989088699051,0.0001343466984681,A,86.45292152795406,147838.29149751755,8131.106032363466,1626.2212064726932,1161.5865760519237,475.5032767464014,135.51843387272442,85.59058981435227,25.58560740202475,8.131106032363466
2.1790462,11.564530188291648,0.0001614016679726,A,86.47130352190497,184131.46418934243,10127.230530413834,2025.4461060827664,1446.7472186305476,592.2357035329727,168.78717550689723,106.60242663593507,31.866678824461403,10.127230530413836
2.1555965,10.561863438722696,9.800850579256616e-05,A,94.68026222851216,121107.83319291768,6660.930825610472,1332.1861651220945,951.5615465157816,389.5281184567527,111.01551376017454,70.1150613222155,20.959505429863032,6.660930825610472
1.987562,11.484122556994532,0.0001666087847217,A,87.07674400347975,174583.14265236515,9602.072845880082,1920.4145691760168,1371.724692268583,561.5247278292446,160.0345474313347,101.07445100926402,30.21420027023311,9.602072845880082
2.0458777,15.61241724261556,0.0002384952490266,A,64.05158051185091,189221.63699189769,10407.190034554373,2081.4380069108747,1486.7414335077676,608.6076043599048,173.45316724257287,109.54936878478289,32.747608667571974,10.407190034554374
2.0783873,20.31535958514418,0.0003475667370198,A,49.2238395194964,215288.93873197527,11840.89163025864,2368.178326051728,1691.5559471798058,692.4498029391017,197.348193837644,124.64096452903831,37.258941567837134,11.84089163025864
2.3422384,11.842849097941269,0.0001665272077532,A,84.43914059276813,199407.5719148488,10967.416455316685,2193.4832910633368,1566.7737793309548,641.3693833518528,182.79027425527804,115.44648900333353,34.51043566808271,10.967416455316684
2.014433,10.661055077134812,0.0001177633616671,A,93.79934657168592,134723.81702664393,7409.809936465416,1481.9619872930834,1058.5442766379165,433.3222185067495,123.4968322744236,77.99799933121491,23.315953229910058,7.409809936465416
1.9806086,14.376834693960276,0.0001353676413789,A,69.55633985414752,112909.83875092729,6210.041131301,1242.0082262602,887.1487330429999,363.16030007608185,103.50068552168334,65.36885401369473,19.54072099213656,6.210041131301
2.0607135,16.82584429907635,0.0002476244560461,A,59.43238165200986,183618.24366959903,10099.003401827946,2019.8006803655887,1442.7147716897066,590.5849942589442,168.3167233637991,106.30529896660995,31.77785840726226,10.099003401827948
1.8746538,14.238398989226614,0.0001171058658658,A,70.23261539142449,93351.2443772079,5134.318440746435,1026.8636881492869,733.4740629637764,300.2525403945283,85.57197401244058,54.0454572710151,16.155816364840888,5.134318440746434
1.8016785,16.152898350537335,0.000128139232344,A,61.90839428929697,86534.7409320385,4759.410751262118,951.8821502524236,679.9158216088739,278.32811410889576,79.3235125210353,50.09906053960124,14.976119418697664,4.759410751262118
2.0396254,14.233745863276036,0.0001961528286132,A,70.2555749980097,170179.53142205253,9359.87422821289,1871.9748456425775,1337.1248897446983,547.3610659773619,155.99790380354816,98.52499187592514,29.452090082482343,9.359874228212888
1.8638527,10.23183310976005,0.0001319031409587,A,97.73419770169134,145477.1621873404,8001.243920303723,1600.2487840607446,1143.0348457576747,467.90900118735215,133.35406533839537,84.2236202137234,25.176978981446577,8.001243920303724
1.8936328,17.97533845033282,0.0001748288269846,A,55.63177587799381,111509.86213906913,6133.0424176488,1226.6084835297602,876.1489168069716,358.65745132449126,102.21737362748,64.55834123840843,19.298434290902456,6.1330424176488005
2.299913,11.243179071760183,0.0001368854521198,A,88.94281533874425,169535.68252118296,9324.462538665062,1864.8925077330125,1332.066076952152,545.2902069394773,155.40770897775104,98.15223724910592,29.340662487932857,9.324462538665063
1.6935071,14.336634017840032,0.000123120849956,A,69.75137949086468,88054.78720854138,4843.013296469776,968.6026592939552,691.8590423528251,283.2171518403377,80.71688827449627,50.97908733126079,15.239185954908042,4.843013296469776
2.1032727,12.05211505698515,0.0001902881411462,A,82.97298816612452,201059.9561249755,11058.297586873652,2211.6595173747305,1579.7567981248071,646.6840694078159,184.30495978122752,116.40313249340689,34.79640524503981,11.058297586873651
1.7957009,17.710600571651735,0.0002017747025805,A,56.4633591026065,123865.10400818076,6812.5807204499415,1362.5161440899883,973.2258172071346,398.3965333596457,113.54301200749904,71.71137600473622,21.43669200896772,6.812580720449942
2.3035655,11.718354606996456,0.0001439165440644,A,85.33621259446689,171287.70683284843,9420.823875806664,1884.1647751613327,1345.8319822580947,550.9253728541908,157.0137312634444,99.16656711375435,29.64387626119152,9.420823875806663
2.2503612,16.057535557154335,0.0002883007262722,A,62.276057022614296,244624.8764598625,13454.36820529244,2690.873641058488,1922.0526007560627,786.8051582042361,224.23947008820733,141.6249284767625,42.33596036907627,13.45436820529244
1.9995669,14.201624094089258,0.0001923830669004,A,70.41448170820138,164000.93113371168,9020.051212354145,1804.0102424708289,1288.5787446220202,527.4883749914702,150.33418687256903,94.94790749846466,28.38279173176256,9.020051212354142
1.8963982,16.56521833335052,0.0001599151853811,A,60.36745063520921,110841.81279005868,6096.299703453228,1219.2599406906456,870.8999576361754,356.5087545879081,101.6049950575538,64.17157582582345,19.182818450136025,6.096299703453227
2.1320553,13.860680248664387,0.0001562442783596,A,72.14653119902682,145512.26021413464,8003.174311777406,1600.6348623554811,1143.3106159682009,468.021889577626,133.38623852962343,84.24394012397269,25.183053215158605,8.003174311777405
2.3154938,17.362233769305732,0.0003696702689535,A,57.59627553039146,298492.95854738576,16417.11272010622,3283.4225440212435,2345.301817158031,960.0650713512408,273.61854533510365,172.81171284322335,51.65863033387734,16.417112720106218
2.0842328,18.79757778637804,0.0002550980388667,A,53.198343497461984,171250.95395775524,9418.802467676536,1883.7604935353072,1345.5432096680763,550.807161852429,156.9800411279423,99.14528913343725,29.637515631455432,9.418802467676535
1.6941786,12.657616025472862,0.0001114785210729,A,79.00381856959056,90339.9856353932,4968.699209946627,993.7398419893254,709.8141728495182,290.56720526003664,82.81165349911045,52.3020969468066,15.634673410782336,4.968699209946627
1.8009182,34.998748633555714,0.0006071047265265,A,28.572450131580734,189141.41271293597,10402.777699211478,2080.555539842296,1486.111099887354,608.3495730533027,173.3796283201913,109.50292314959452,32.73372466712233,10.402777699211478
2.1377168,13.780602850724597,0.0001711943441537,A,72.5657658690468,160787.73229612876,8843.325276287082,1768.6650552574165,1263.332182326726,517.153524929069,147.3887546047847,93.08763448723244,27.826700051249475,8.843325276287082
2.4966488,10.08032363363763,0.0001840867646118,A,99.20316413880212,276049.5785477696,15182.726820127327,3036.545364025465,2168.960974303904,887.8787614109548,253.0454470021221,159.81817705397188,47.77447079964546,15.182726820127328
1.8811347,14.658705054712277,0.0002489462514211,A,68.21884990983797,193424.4734298476,10638.346038641615,2127.669207728323,1519.763719805945,622.1254993357669,177.30576731069357,111.98258988043806,33.47497180189306,10.638346038641616
1.8283974,13.097458614986923,0.0001375303012252,A,76.35068980907015,116242.11370374369,6393.316253705902,1278.6632507411807,913.3308933865576,373.8781434915732,106.5552708950984,67.29806582848319,20.11742055917528,6.393316253705902
2.0416765,21.67942322983856,0.0002910642423769,A,46.12668839933186,165962.36128271307,9127.929870549218,1825.585974109844,1303.9899815070312,533.7970684531707,152.13216450915365,96.08347232157072,28.72224628870113,9.127929870549218
1.9197421,14.76974200272205,0.000156111626099,A,67.7059897062319,122853.28436837754,6756.930640260764,1351.3861280521528,965.2758057515376,395.14214270530783,112.61551067101274,71.12558568695542,21.26158162448321,6.756930640260765
1.7661703,16.8231866688576,0.0001735076526346,A,59.441770437651954,110287.0427975638,6065.78735386601,1213.157470773202,866.5410505522871,354.72440665883096,101.09645589776684,63.85039319858957,19.08680728088738,6.065787353866009
1.9324943,13.814648150104125,0.0001273183215106,A,72.38693227177579,107832.78997664964,5930.80344871573,1186.160689743146,847.2576355308187,346.8306110360076,98.84672414526216,62.42950998648137,18.66206245662596,5.93080344871573
2.0214322,12.195347792830685,0.0001631379304537,A,81.99848146912817,163719.90418054213,9004.594729929817,1800.9189459859635,1286.3706757042596,526.5844871303987,150.07657883216362,94.78520768347175,28.33415585251673,9.004594729929817
2.140128,10.953134357126428,7.157495895542181e-05,A,91.2980675115494,84672.81252972687,4657.0046891349775,931.4009378269956,665.2863841621397,272.3394555049694,77.6167448189163,49.0211019908945,14.653885113703517,4.657004689134977
1.9731678,14.095164039976922,0.0001688959488627,A,70.94631869226811,143151.09083851942,7873.309996118568,1574.6619992237136,1124.7585708740812,460.4274851531326,131.2218332686428,82.87694732756387,24.77441786066258,7.873309996118568
1.9718225,18.313902228427462,0.0002671949371925,A,54.60332743546954,174179.36202761464,9579.864911518804,1915.972982303761,1368.5521302169725,560.226018217474,159.66441519198008,100.84068327914532,30.144320048831982,9.579864911518806
1.9613569,17.472520369020444,0.0001687089478846,A,57.23272767064816,114662.32224628876,6306.427723545882,1261.2855447091763,900.9182462208404,368.79694289742,105.1071287257647,66.3834497215356,19.84401423393921,6.306427723545883
2.211512,11.448871783366696,0.0001288649959394,A,87.34485099683215,150710.36337961518,8289.069985878836,1657.8139971757669,1184.1528551255478,484.7409348467155,138.15116643131392,87.25336827240879,26.082662007170654,8.289069985878834
2.1862893,14.63033444141967,0.0003009702137757,A,68.35113742642262,272306.7683172648,14976.872257449564,2995.374451489913,2139.553179635652,875.8404828917874,249.6145376241594,157.65128692052173,47.12672201840643,14.976872257449564
1.9723959,13.18925869763496,0.0001311153913424,A,75.8192725554254,118715.90946949464,6529.375020822205,1305.875004164441,932.767860117458,381.8347965393103,108.82291701370345,68.73026337707586,20.54554757967969,6.529375020822206
1.8036468,10.412291782488948,7.92283171445165e-05,A,96.0403358732001,83093.51699258818,4570.14343459235,914.02868691847,652.8776335131928,267.2598499761608,76.16905724320583,48.106772995708944,14.380564614828035,4.5701434345923495
2.2972884,12.077603825108728,0.0001127536168819,A,82.79788064591509,129851.43877168304,7141.829132442567,1428.3658264885134,1020.2613046346524,417.6508264586296,119.03048554070944,75.17714876255333,22.472715961115693,7.141829132442567
1.9549463,20.96629207751937,0.000202111900491,A,47.69560570379668,114100.25910030422,6275.514250516731,1255.1028501033463,896.5020357881045,366.9891374571188,104.59190417527886,66.05804474228138,19.746740876389968,6.275514250516731
1.9820987,10.506516505947271,0.0003912436124166,A,95.17902526816997,446884.5433444527,24578.649883944898,4915.72997678898,3511.2356977064137,1437.347946429526,409.644164732415,258.7226303573147,77.33999334155097,24.578649883944895
2.4863133,10.137768358276936,0.0001960347336569,A,98.64103860526212,291090.5190341967,16009.97854688082,3201.995709376164,2287.1397924115454,936.2560553731472,266.832975781347,168.5260899671665,50.37752846721465,16.00997854688082
2.162375,20.239946346267057,0.0005377843061431,A,49.4072455969941,347865.47109341767,19132.60091013797,3826.520182027594,2733.2287014482818,1118.8655503004663,318.8766818356329,201.39579905408397,60.20327536229696,19.13260091013797
2.1603065,11.049744096784767,7.26770119498715e-05,A,90.4998334116152,86028.38292040842,4731.561060622463,946.3122121244924,675.9372943746374,276.6994772293837,78.85935101037437,49.80590590128908,14.888486660234303,4.731561060622463
1.7883756,14.272365892861004,0.0002188915809377,A,70.06546829774013,166063.18640946227,9133.475252520426,1826.695050504085,1304.7821789314892,534.121359796516,152.22458754200707,96.14184476337287,28.739695571178174,9.133475252520428
1.7013783,18.884038251918668,0.0001201328798283,A,52.95477517359918,65531.40056862166,3604.227031274192,720.8454062548383,514.8895758963131,210.7735106008299,60.07045052123652,37.93923190814939,11.341180085821874,3.604227031274191
