,mass,distance_pc,Earth_like_detectability,Super_Earth_detectability,Sub_Neptune_detectability,Neptune_like_detectability
0,19202.949023999998,72.08925128238627,1,1,1,1
1,16999.83264,68.03756042952267,1,1,1,1
2,17367.591360000002,92.20963715260216,1,1,1,1
3,18450.4824,90.81640229565868,1,1,1,1
4,20543.18448,22.686428191053164,1,1,1,1
5,19008.38352,60.09925732757202,1,1,1,1
6,19052.222448,95.34216857325994,1,1,1,1
7,19295.207904,99.42116906791564,1,1,1,1
8,17629.622976000002,75.65822666600164,1,1,1,1
9,16999.08336,88.44260072117787,1,1,1,1
10,18134.882304,63.73882002412295,1,1,1,1
11,18153.864960000003,64.5196076153348,1,1,1,1
12,17844.21408,99.15366505901795,1,1,1,1
13,20610.622032,84.75209036810469,1,1,1,1
14,18920.912640000002,88.14379399691485,1,1,1,1
15,17220.682080000002,79.5191334342565,1,1,1,1
16,17084.56512,75.67517080767256,1,1,1,1
17,21541.180080000002,83.91577739225472,1,1,1,1
18,18273.70272,91.5031310513944,1,1,1,1
19,22326.40368,95.5454608075273,1,1,1,1
20,16956.2232,96.87718467993209,1,1,1,1
21,18598.779359999997,54.86992822479982,1,1,1,1
22,17010.672,99.15460990947432,1,1,1,1
23,18415.464480000002,91.19601850984156,1,1,1,1
24,18454.613856,97.31544606919674,1,1,1,1
25,18356.0328,65.90823974171587,1,1,1,1
26,19389.946464,65.85159384878419,1,1,1,1
27,16990.376256,91.80383011830322,1,1,1,1
28,20469.17712,92.01616233621448,1,1,1,1
29,18475.65888,90.8432287781531,1,1,1,1
30,17770.147584000002,88.53912246092767,1,1,1,1
31,18847.85952,90.65642500686926,1,1,1,1
32,18148.789343999997,71.78477677999973,1,1,1,1
33,21429.684864,90.06255695815523,1,1,1,1
34,18429.95952,93.8418624174576,1,1,1,1
35,20146.224,30.25338302117707,1,1,1,1
36,21858.15408,77.65340487209197,1,1,1,1
37,17933.178816,80.6929666246835,1,1,1,1
38,16999.885056,95.58034899236728,1,1,1,1
39,17550.09648,87.30501641242789,1,1,1,1
40,20126.88048,69.07478392608107,1,1,1,1
41,18731.878032,94.0668451232924,1,1,1,1
42,18570.032543999998,78.1913787680862,1,1,1,1
43,19238.75352,90.91014236288586,1,1,1,1
44,18742.755360000003,78.7838925655993,1,1,1,1
45,17428.73664,78.84076292851034,1,1,1,1
46,18651.64896,91.7159167368828,1,1,1,1
47,18731.496,31.179663735267816,1,1,1,1
48,17394.7704,98.48659422559638,1,1,1,1
49,18861.321696,81.14357943561325,1,1,1,1
50,18185.139840000003,85.95162578154428,1,1,1,1
51,20143.067952,79.34007109307001,1,1,1,1
52,18161.976,87.70944506779318,1,1,1,1
53,17895.50448,81.86851750893183,1,1,1,1
54,18035.54928,34.35650803613673,1,1,1,1
55,18531.372048,36.579631255062026,1,1,1,1
56,21206.97264,52.076554011904456,1,1,1,1
57,18203.15952,67.55817475960198,1,1,1,1
58,17544.287040000003,79.13816445434418,1,1,1,1
59,22312.537968,76.0793281082096,1,1,1,1
60,19440.198624,90.10884033698473,1,1,1,1
61,16833.30768,94.1577998840125,1,1,1,1
62,18170.100479999997,92.19020204749016,1,1,1,1
63,17224.201344,94.16829807893043,1,1,1,1
64,18272.27808,70.81670105140999,1,1,1,1
65,18135.398400000002,76.70542396080876,1,1,1,1
66,18104.965871999997,94.3651767447342,1,1,1,1
67,18413.508960000003,89.07624644721452,1,1,1,1
68,18082.88496,94.23863818576967,1,1,1,1
69,18069.840096,88.58899094275509,1,1,1,1
70,17770.330032,89.66275424624945,1,1,1,1
71,18117.737232,46.0314846573768,1,1,1,1
72,17287.34784,83.51615183748224,1,1,1,1
73,16918.672848,92.46409465733451,1,1,1,1
74,20313.07152,87.5160224256703,1,1,1,1
75,18150.283199999998,78.97763489783645,1,1,1,1
76,18627.45024,86.70663625837413,1,1,1,1
77,20384.725535999998,99.59614270565334,1,1,1,1
78,17160.19536,74.1942774185224,1,1,1,1
79,18091.06656,84.0048580356084,1,1,1,1
80,17021.72472,95.12745684217911,1,1,1,1
81,18585.921984,70.34465896528005,1,1,1,1
82,19160.11104,90.3431002821954,1,1,1,1
83,18436.44096,87.0835113248124,1,1,1,1
84,17660.39856,92.741894075283,1,1,1,1
85,17487.55008,96.15047044323669,1,1,1,1
86,20100.139584,48.42501483663319,1,1,1,1
87,19168.09104,88.24179342510179,1,1,1,1
88,17519.26176,94.17753273555344,1,1,1,1
89,19107.69504,18.91961467038151,1,1,1,1
90,17726.079840000002,90.11059398819594,1,1,1,1
91,17489.67696,98.82943314513405,1,1,1,1
92,17613.58536,78.11238681939085,1,1,1,1
93,17383.15824,94.65975516348334,1,1,1,1
94,20158.126128,88.97880249840861,1,1,1,1
95,17874.5532,83.20355962347469,1,1,1,1
96,20143.65864,26.07257503716845,1,1,1,1
97,17807.71272,73.92978493403763,1,1,1,1
98,18303.148416,68.09462001651116,1,1,1,1
99,18476.66184,97.22939931029744,1,1,1,1
100,18158.532,98.27767492059355,1,1,1,1
101,19534.03536,68.03557847656997,1,1,1,1
102,18310.68624,99.9847306644017,1,1,1,1
103,18048.996000000003,71.96415957986981,1,1,1,1
104,18192.396432,69.96796262189527,1,1,1,1
105,18686.514336,73.03595489795829,1,1,1,1
106,18128.90016,60.15568259000365,1,1,1,1
107,18151.885919999997,83.39539934071689,1,1,1,1
108,18414.010943999998,92.42772370391076,1,1,1,1
109,19157.018496,91.04157783537217,1,1,1,1
110,18270.0,87.05824809316616,1,1,1,1
111,20144.18784,23.386896773371816,1,1,1,1
112,18485.13744,81.41793572136613,1,1,1,1
113,16940.69496,70.73721405515487,1,1,1,1
114,18078.81936,95.73669749203944,1,1,1,1
115,18338.9304,89.8675581204356,1,1,1,1
116,19212.213552,18.734162815978664,1,1,1,1
117,16823.26968,90.61678288811176,1,1,1,1
118,18196.5672,78.58978551891688,1,1,1,1
119,18326.30352,86.59497727586816,1,1,1,1
120,19108.908,32.18376595722877,1,1,1,1
121,17731.38528,98.46162363234863,1,1,1,1
122,19897.53024,79.53452063189667,1,1,1,1
123,19318.608959999998,93.5677812964152,1,1,1,1
124,17554.83744,99.93768383757524,1,1,1,1
125,21562.91088,78.20374575021216,1,1,1,1
126,18051.408480000002,93.79527301718944,1,1,1,1
127,19362.414960000002,71.71565665333674,1,1,1,1
128,20980.89168,91.48992718953498,1,1,1,1
129,17691.963744,79.70562475868672,1,1,1,1
130,21710.16624,71.53070490900919,1,1,1,1
131,20890.44048,81.583406348548,1,1,1,1
132,18468.098879999998,97.45947045276336,1,1,1,1
133,16864.25328,97.16975400987556,1,1,1,1
134,17159.49312,90.59771123971558,1,1,1,1
135,18367.520640000002,20.23098732852689,1,1,1,1
136,18482.830127999998,86.89843534094734,1,1,1,1
137,20087.903136,52.34021898324372,1,1,1,1
138,18452.736960000002,22.377212643599577,1,1,1,1
139,17562.740159999998,82.6309276611015,1,1,1,1
140,18472.05024,95.21076246247443,1,1,1,1
141,18466.46592,88.97566197160302,1,1,1,1
142,18635.42688,98.0564395589342,1,1,1,1
143,18248.80848,87.21820538725554,1,1,1,1
144,16981.57104,98.51872263449596,1,1,1,1
145,18432.74832,87.6721778022625,1,1,1,1
146,18436.87776,81.5731716269024,1,1,1,1
147,18300.71712,90.9497383673054,1,1,1,1
148,19054.68096,6.164578207302766,1,1,1,1
149,20996.07552,66.90021823709932,1,1,1,1
150,17342.686032,97.02700379161055,1,1,1,1
151,18436.41744,89.36284929877333,1,1,1,1
152,19672.233168,61.98999395884695,1,1,1,1
153,17263.76736,90.98403263198512,1,1,1,1
154,17896.08576,95.41762725997296,1,1,1,1
155,16838.345999999998,91.47573764568467,1,1,1,1
156,18034.700544,76.36537459832215,1,1,1,1
157,19437.64368,88.89401010363791,1,1,1,1
158,19372.90992,87.77751777205529,1,1,1,1
159,18189.135888,85.27318527600652,1,1,1,1
160,19225.30848,84.94195127458761,1,1,1,1
161,19547.984736,71.2874854414006,1,1,1,1
162,19599.01104,75.17895361138147,1,1,1,1
163,17664.710784000003,91.61631198431084,1,1,1,1
164,18328.59168,98.77885257198284,1,1,1,1
165,19303.82832,74.21005850966584,1,1,1,1
166,19927.048848,75.33777394472075,1,1,1,1
167,18981.54048,91.87379936029626,1,1,1,1
168,18468.86496,79.05964761536015,1,1,1,1
169,17294.438448,98.77667793086552,1,1,1,1
170,18419.48976,73.31464279694832,1,1,1,1
171,18171.504960000002,68.53143090012276,1,1,1,1
172,17696.40432,76.05102870287307,1,1,1,1
173,18897.93024,93.8157044695364,1,1,1,1
174,18470.46936,97.84872199894754,1,1,1,1
175,19711.54416,94.7052884180217,1,1,1,1
176,19417.624799999998,76.58609871899893,1,1,1,1
177,19254.9168,69.17496852496677,1,1,1,1
178,18931.116960000003,64.637488543962,1,1,1,1
179,20157.068736,87.65278084156952,1,1,1,1
180,21371.0532,75.86746941207191,1,1,1,1
181,17921.577072,62.69147060976314,1,1,1,1
182,18202.794624000002,71.79621170106857,1,1,1,1
183,17493.999264000002,96.90941287009576,1,1,1,1
184,17988.3396,78.83921910803755,1,1,1,1
185,18687.20952,76.6705889350893,1,1,1,1
186,18725.56896,90.9556818858084,1,1,1,1
187,17853.024,92.1829395377802,1,1,1,1
188,19080.979679999997,92.59725571179928,1,1,1,1
189,20137.76856,91.91649446211994,1,1,1,1
190,18797.40072,88.04811040912797,1,1,1,1
191,18748.240224,81.5604189948331,1,1,1,1
192,18475.03056,94.77269477564823,1,1,1,1
193,19870.94256,84.20987823997916,1,1,1,1
194,20736.857232000002,87.28312361016856,1,1,1,1
195,18230.17728,21.05405842436165,1,1,1,1
196,20135.562719999998,71.88735449290283,1,1,1,1
197,19306.294560000002,96.18008675791827,1,1,1,1
198,19250.39424,56.76146947715372,1,1,1,1
199,18047.530032,95.17177070607823,1,1,1,1
200,18660.527088000003,58.85475961903906,1,1,1,1
201,16966.09488,96.3810663695196,1,1,1,1
202,19041.057168,90.28669512819532,1,1,1,1
203,19130.73288,99.50352741281448,1,1,1,1
204,17585.186976,75.96355732242874,1,1,1,1
205,20138.373359999998,99.98164144157248,1,1,1,1
206,18247.15536,77.68945326637811,1,1,1,1
207,19139.349599999998,97.0416206348952,1,1,1,1
208,17972.45856,95.10824972204192,1,1,1,1
209,17848.644239999998,78.19546997145801,1,1,1,1
210,20135.10912,75.44108447410764,1,1,1,1
211,18363.132479999997,72.02147878258211,1,1,1,1
212,18220.611360000003,90.26785103019624,1,1,1,1
213,16922.255952,94.81013630454866,1,1,1,1
214,19397.656320000002,84.90077662566146,1,1,1,1
215,17551.967999999997,97.05468871210653,1,1,1,1
216,19031.04,80.56291648310183,1,1,1,1
217,19162.752,55.90632172345197,1,1,1,1
218,18685.170672,74.4578213946931,1,1,1,1
219,18059.2608,67.49729117682602,1,1,1,1
220,17723.985216,93.66453124461324,1,1,1,1
221,17345.556480000003,96.41086506535584,1,1,1,1
222,18099.7908,81.14329332346536,1,1,1,1
223,18098.645376,76.15656617108081,1,1,1,1
224,19465.392912,61.6778786049899,1,1,1,1
225,19889.67792,95.79189867156948,1,1,1,1
226,20146.242144,75.45836240044527,1,1,1,1
227,17331.502944,64.23940744692915,1,1,1,1
228,17261.042400000002,84.57674858355509,1,1,1,1
229,19413.013872,98.88748446129354,1,1,1,1
230,18398.601984,68.60255680907855,1,1,1,1
231,18421.49232,97.33853826511913,1,1,1,1
232,18112.85616,82.4460777756489,1,1,1,1
233,17807.39184,79.02000103750102,1,1,1,1
234,17298.4728,93.70352903174523,1,1,1,1
235,17737.39128,83.89574575358085,1,1,1,1
236,19191.699744,89.74775318646165,1,1,1,1
237,17715.651744,77.50739207836276,1,1,1,1
238,20977.32336,93.82887192496624,1,1,1,1
239,19153.300320000002,79.95235047600019,1,1,1,1
240,18146.964864,88.34315109376256,1,1,1,1
241,18453.637440000002,80.77516314821695,1,1,1,1
242,19232.659152,96.6778698375359,1,1,1,1
243,20122.81152,84.21922193378406,1,1,1,1
244,18098.125920000002,75.55836084619014,1,1,1,1
245,18558.757056,80.59013086682788,1,1,1,1
246,17214.40392,80.63837140366188,1,1,1,1
247,20189.80656,61.32088287130266,1,1,1,1
248,17647.687680000003,75.64460950134475,1,1,1,1
249,17808.137759999998,81.07874090395494,1,1,1,1
250,17847.5388,95.64754738169734,1,1,1,1
251,17900.719200000003,99.9092129503938,1,1,1,1
252,18388.924848,72.24695615926917,1,1,1,1
253,18476.582879999998,95.73750785223744,1,1,1,1
254,17457.181392,69.40408493792751,1,1,1,1
255,17590.610352,81.98089703664567,1,1,1,1
256,19987.597056,93.57291295949923,1,1,1,1
257,18136.011936000003,90.12751974345213,1,1,1,1
258,19013.66544,93.88885054118605,1,1,1,1
259,19125.54336,17.439385162840452,1,1,1,1
260,18480.13104,91.0619605502758,1,1,1,1
261,17192.57232,99.73857249113487,1,1,1,1
262,19704.805344,80.75345861536744,1,1,1,1
263,19254.644640000002,87.46940878644389,1,1,1,1
264,18335.06304,99.40252544784391,1,1,1,1
265,20142.67584,95.16254541323798,1,1,1,1
266,19805.89968,91.10203432447706,1,1,1,1
267,16861.35528,78.00308512157586,1,1,1,1
268,17148.332544,97.06333128965356,1,1,1,1
269,17734.086720000003,93.8612989341436,1,1,1,1
270,17687.52048,93.45495670369148,1,1,1,1
271,20141.516639999998,22.68601019863413,1,1,1,1
272,17240.178816,68.87894730763408,1,1,1,1
273,19196.899680000002,17.197538156182457,1,1,1,1
274,17772.48816,83.12570470009467,1,1,1,1
275,18739.260960000003,80.49852511164156,1,1,1,1
276,19350.239999999998,68.15662556072672,1,1,1,1
277,20645.2176,88.6336943412386,1,1,1,1
278,18014.73072,80.26554982481281,1,1,1,1
279,18338.220095999997,89.79372758744056,1,1,1,1
280,18475.23552,96.16643113717105,1,1,1,1
281,18462.487680000002,87.05041264996463,1,1,1,1
282,18104.198784,81.3010662413565,1,1,1,1
283,21488.1408,97.17887507728504,1,1,1,1
284,18234.72336,90.2104726860693,1,1,1,1
285,19444.32,90.16808980608884,1,1,1,1
286,20394.829392,85.96347987507895,1,1,1,1
287,20075.7984,80.018960157987,1,1,1,1
288,20737.06656,85.4173187406303,1,1,1,1
289,17631.82008,93.60312629536458,1,1,1,1
290,21144.4464,97.16313069572097,1,1,1,1
291,18479.028960000003,95.475699162347,1,1,1,1
292,18484.48896,99.52049233703995,1,1,1,1
293,18199.6584,90.39028240328906,1,1,1,1
294,18186.4032,96.6615180121195,1,1,1,1
295,22974.758016,82.95115804876906,1,1,1,1
296,21315.938448,81.2247627002175,1,1,1,1
297,17772.158880000003,76.18637677370154,1,1,1,1
298,18800.342399999998,75.65761724156532,1,1,1,1
299,17322.99912,98.67082950864034,1,1,1,1
300,18228.86352,94.72757678398554,1,1,1,1
301,17394.297984,93.31023217760372,1,1,1,1
302,18251.696736,82.16628595771209,1,1,1,1
303,17925.33624,96.64338549831348,1,1,1,1
304,19013.27232,73.19431835165469,1,1,1,1
305,18471.08424,93.31700899310364,1,1,1,1
306,18813.648,80.65806627670271,1,1,1,1
307,18116.73024,95.84774091635312,1,1,1,1
308,19077.04176,76.23026794225869,1,1,1,1
309,17859.254448,87.74512001960352,1,1,1,1
310,18155.1552,99.15005631572004,1,1,1,1
311,17938.492319999998,93.13248727027543,1,1,1,1
312,17386.69632,66.63890890435067,1,1,1,1
313,18562.34688,80.68328033891096,1,1,1,1
314,17125.797695999998,96.90260162780864,1,1,1,1
315,19269.455520000003,93.33875447513148,1,1,1,1
316,18446.95104,84.00493319188622,1,1,1,1
317,18458.882400000002,65.46646460716192,1,1,1,1
318,19282.45536,27.04575148470723,1,1,1,1
319,18626.685168000004,99.99841754895576,1,1,1,1
320,18139.28424,86.3259779011643,1,1,1,1
321,20654.67768,88.23820637182999,1,1,1,1
322,18375.116255999998,78.5469099961631,1,1,1,1
323,18052.3392,52.699319283835216,1,1,1,1
324,20139.208319999998,84.89515649236182,1,1,1,1
325,20138.90256,84.31039287550693,1,1,1,1
326,18103.8564,85.310259083595,1,1,1,1
327,18988.52592,94.55429528842537,1,1,1,1
328,17156.844096,90.7812013796322,1,1,1,1
329,17749.96944,97.2001040542596,1,1,1,1
330,17955.61824,95.77283499330008,1,1,1,1
331,17793.370560000003,98.12061353829044,1,1,1,1
332,18396.7392,97.55584408751632,1,1,1,1
333,19267.543680000002,65.0083355955368,1,1,1,1
334,19042.35984,73.33740225716882,1,1,1,1
335,19170.392640000002,69.25236262437646,1,1,1,1
336,20465.93808,91.65877620906517,1,1,1,1
337,17703.6384,69.52270111418781,1,1,1,1
338,18655.79184,67.96013820679308,1,1,1,1
339,18488.09928,76.88037291593365,1,1,1,1
340,20058.77328,78.6071474057241,1,1,1,1
341,20139.314832,99.2037389094266,1,1,1,1
342,18463.95264,99.4848246452402,1,1,1,1
343,18911.241216,92.87417085196324,1,1,1,1
344,18464.218080000002,87.45060367788699,1,1,1,1
345,17913.357839999997,70.71902774003148,1,1,1,1
346,18858.03024,96.85708883181952,1,1,1,1
347,18422.300064,74.79336243390128,1,1,1,1
348,19144.719888,90.90288887217297,1,1,1,1
349,18598.66848,72.57185027681003,1,1,1,1
350,17712.49368,97.31227396669378,1,1,1,1
351,17766.6468,95.01139423362471,1,1,1,1
352,17370.696,99.20624547134668,1,1,1,1
353,18900.648480000003,95.94216178332826,1,1,1,1
354,18478.46616,92.16761902925204,1,1,1,1
355,20149.355519999997,22.69034947586737,1,1,1,1
356,17685.568320000002,95.69831724275656,1,1,1,1
357,17103.309215999998,94.78082223256736,1,1,1,1
358,20799.99264,27.225473819551965,1,1,1,1
359,19146.910944,90.5022767703625,1,1,1,1
360,18603.84288,73.26534989209372,1,1,1,1
361,17723.45904,99.73014511122508,1,1,1,1
362,18584.027616,25.608037061995542,1,1,1,1
363,17539.25376,82.72689821515233,1,1,1,1
364,19166.70168,62.924480774308826,1,1,1,1
365,16827.686400000002,74.01797643328507,1,1,1,1
366,19826.087904,70.75270141770633,1,1,1,1
367,19795.875119999997,80.24272982160834,1,1,1,1
368,18166.60944,83.71696274230135,1,1,1,1
369,17867.00832,95.79385317238872,1,1,1,1
370,18154.10856,89.13272684202134,1,1,1,1
371,17656.647792,96.48851306416094,1,1,1,1
372,18281.036592,91.16538761719356,1,1,1,1
373,18308.453856,84.67177947766129,1,1,1,1
374,20068.621440000003,89.11463315929326,1,1,1,1
375,19704.78384,11.10850024451173,1,1,1,1
376,18102.947519999998,70.91604298043451,1,1,1,1
377,20584.391519999997,22.01486248346892,1,1,1,1
378,18020.0832,98.86928012514194,1,1,1,1
379,17762.248895999997,97.39991637005264,1,1,1,1
380,17898.133344,85.02223928382097,1,1,1,1
381,18448.51008,98.54381503770928,1,1,1,1
382,17011.4112,81.68195671847687,1,1,1,1
383,17587.53192,82.6574643786454,1,1,1,1
384,20058.99168,50.46693561039753,1,1,1,1
385,18120.0684,85.70896587240289,1,1,1,1
386,20040.228432,60.33495595333562,1,1,1,1
387,19634.87904,57.16388777466279,1,1,1,1
388,18408.526080000003,73.94057400688018,1,1,1,1
389,21353.437392,98.58668718630716,1,1,1,1
390,19641.910175999998,70.13908711103346,1,1,1,1
391,19358.569440000003,93.20728990336404,1,1,1,1
392,18705.52992,25.65493304680352,1,1,1,1
393,17930.37456,88.76857163947327,1,1,1,1
394,17759.16072,77.05803939492434,1,1,1,1
395,18458.02056,94.82536373982178,1,1,1,1
396,18471.917520000003,93.73104346600812,1,1,1,1
397,17499.41256,96.53568165567464,1,1,1,1
398,20142.407040000002,72.73332195391369,1,1,1,1
399,19348.33152,67.814091313412,1,1,1,1
400,20436.981600000003,96.90800774598944,1,1,1,1
401,21202.5072,64.70253778239409,1,1,1,1
402,16991.64432,37.75041733483109,1,1,1,1
403,18679.058496,87.18499427000705,1,1,1,1
404,17795.65872,75.01581375333733,1,1,1,1
405,17868.92016,88.61994315358967,1,1,1,1
406,17285.526719999998,69.01978494820689,1,1,1,1
407,19320.23184,93.68349681276014,1,1,1,1
408,18224.06544,89.3790528762065,1,1,1,1
409,17046.42408,32.139407152031026,1,1,1,1
410,18468.3744,15.81908489225298,1,1,1,1
411,17960.4936,99.5116214408638,1,1,1,1
412,18894.732864,11.938274968449214,1,1,1,1
413,17824.50096,91.76794608618908,1,1,1,1
414,18089.245440000002,83.68667871665266,1,1,1,1
415,17227.323456000002,85.52136490306266,1,1,1,1
416,18417.79632,86.90827622269774,1,1,1,1
417,16983.669024,89.77157924170957,1,1,1,1
418,16924.90464,87.78234232940356,1,1,1,1
419,18202.8672,91.02651049666927,1,1,1,1
420,18181.55976,93.97200812478528,1,1,1,1
421,18297.04464,98.20946145655526,1,1,1,1
422,18455.71056,85.3595464267917,1,1,1,1
423,16926.058800000003,97.32989071945096,1,1,1,1
424,17397.019584,83.5592255228788,1,1,1,1
425,17831.372160000003,83.72878265376092,1,1,1,1
426,19493.589024,99.88296912554196,1,1,1,1
427,17542.274400000002,94.47931034873704,1,1,1,1
428,18651.05424,82.75294985090432,1,1,1,1
429,17573.671248,95.69452858119466,1,1,1,1
430,18428.977056,62.93608464992512,1,1,1,1
431,18985.49856,87.14115316185706,1,1,1,1
432,18463.226880000002,93.47690813302911,1,1,1,1
433,18363.742656000002,95.7079938771944,1,1,1,1
434,19385.90976,37.94178649615697,1,1,1,1
435,17465.7588,99.96381876348194,1,1,1,1
436,18865.284480000002,65.80016837677962,1,1,1,1
437,18222.87264,98.34801296572,1,1,1,1
438,18890.745552,65.37538798936833,1,1,1,1
439,17767.18608,79.98742610569275,1,1,1,1
440,19082.859936,56.69911317058834,1,1,1,1
441,17820.1716,22.24007683892304,1,1,1,1
442,18478.982928,70.5695553396829,1,1,1,1
443,18606.06552,88.67389953639567,1,1,1,1
444,19116.113184,44.409805043028825,1,1,1,1
445,18994.5,30.05479077902164,1,1,1,1
446,20771.620799999997,91.06892508207603,1,1,1,1
447,18137.96208,72.4595277010511,1,1,1,1
448,18181.49088,86.06022042833877,1,1,1,1
449,17880.7272,76.29491457779316,1,1,1,1
450,20720.13048,81.50069634136268,1,1,1,1
451,18607.07856,75.02155786530504,1,1,1,1
452,18075.37368,97.28152941681232,1,1,1,1
453,16811.872224,83.98083531744452,1,1,1,1
454,17199.28224,82.69787799728265,1,1,1,1
455,18121.61904,92.59450999346792,1,1,1,1
456,20753.85648,55.67947529313043,1,1,1,1
457,17866.21536,88.17601256701674,1,1,1,1
458,17892.094080000003,98.92815907303437,1,1,1,1
459,19299.67536,45.34193837570722,1,1,1,1
460,18137.0616,27.34217063942256,1,1,1,1
461,22600.7628,91.9546176289604,1,1,1,1
462,18030.722976,98.6872957091675,1,1,1,1
463,17767.702512,91.39988967267472,1,1,1,1
464,17820.347999999998,89.44633626072772,1,1,1,1
465,18014.386992,23.88537045700132,1,1,1,1
466,18376.5456,85.27146380129807,1,1,1,1
467,16977.450672,87.0184979740197,1,1,1,1
468,20028.88944,73.93688041337917,1,1,1,1
469,17075.15712,95.50361267303134,1,1,1,1
470,17882.914559999997,80.10169651015093,1,1,1,1
471,18897.87648,56.89591585689648,1,1,1,1
472,20304.276384,96.88962038561826,1,1,1,1
473,19143.191759999998,42.6208634112909,1,1,1,1
474,17694.06912,97.39373074409028,1,1,1,1
475,18912.63696,93.40129008819407,1,1,1,1
476,18414.595584,62.56546113906397,1,1,1,1
477,19924.751615999998,71.64148055662862,1,1,1,1
478,17187.790032,83.37036969181108,1,1,1,1
479,17816.74944,72.98699259721478,1,1,1,1
480,20514.619776,43.469194281790095,1,1,1,1
481,18359.7288,89.90243699598166,1,1,1,1
482,17514.12264,94.79655397377164,1,1,1,1
483,19100.311776,49.135220281564536,1,1,1,1
484,17638.61232,98.88839964638014,1,1,1,1
485,18274.037040000003,77.41209666122658,1,1,1,1
486,18480.29568,87.88633237856692,1,1,1,1
487,19453.71456,78.57462340393073,1,1,1,1
488,17002.99104,80.96807214221127,1,1,1,1
489,19599.625920000002,51.05620703176487,1,1,1,1
490,17547.379584,93.88608895865356,1,1,1,1
491,20139.236544,62.91557257311518,1,1,1,1
492,20071.50768,44.523882082230045,1,1,1,1
493,17030.70432,79.71289151220144,1,1,1,1
494,16884.394464,84.76836459055778,1,1,1,1
495,18489.119039999998,71.80878433298165,1,1,1,1
496,18352.666080000003,41.79175041020803,1,1,1,1
497,18099.071760000003,99.66482139650576,1,1,1,1
498,18043.45872,87.84933062220561,1,1,1,1
499,18167.34192,68.37660476268726,1,1,1,1
500,19368.71664,98.25221849658512,1,1,1,1
501,17612.05152,81.6343026890801,1,1,1,1
502,19419.93312,28.98835162389002,1,1,1,1
503,18400.753056,91.51386851765444,1,1,1,1
504,18439.1928,98.59781370706814,1,1,1,1
505,19979.81664,97.0826843465513,1,1,1,1
506,19045.572,58.75156050805557,1,1,1,1
507,16977.05856,89.7990335905533,1,1,1,1
508,20609.7948,78.19533789218407,1,1,1,1
509,17969.107632000003,97.36491649348552,1,1,1,1
510,17328.686928000003,73.76816044288837,1,1,1,1
511,19039.881840000002,24.7847227812467,1,1,1,1
512,18047.38152,90.41411209133128,1,1,1,1
513,18703.207152,93.55745027791566,1,1,1,1
514,18469.88304,95.60922531656884,1,1,1,1
515,19267.920000000002,48.19411362113979,1,1,1,1
516,18470.910192000003,90.17842514162687,1,1,1,1
517,17537.96016,82.08065093565455,1,1,1,1
518,18169.57128,99.16054950027645,1,1,1,1
519,17561.3088,81.3191585773918,1,1,1,1
520,17666.6448,74.42818629420958,1,1,1,1
521,18028.690176,91.76673930301722,1,1,1,1
522,18186.185808000002,87.70155052005745,1,1,1,1
523,21283.486559999998,92.11083004654976,1,1,1,1
524,18836.409648,78.43709930504062,1,1,1,1
525,18481.60944,93.11709137678066,1,1,1,1
526,18140.80128,75.66191929424775,1,1,1,1
527,19321.1928,54.7884214934619,1,1,1,1
528,20009.961216000003,22.544602848644573,1,1,1,1
529,17731.44576,93.60865761922328,1,1,1,1
530,17555.838720000003,99.90104698655678,1,1,1,1
531,19171.656,96.83928259190296,1,1,1,1
532,16857.587040000002,88.79178704138877,1,1,1,1
533,18827.0376,42.574591953251854,1,1,1,1
534,18488.59992,84.63625123008336,1,1,1,1
535,17719.388736,94.70689238284788,1,1,1,1
536,17806.250784,73.44032168208537,1,1,1,1
537,18025.964544000002,76.39039462231268,1,1,1,1
538,18459.15456,97.38721283840918,1,1,1,1
539,18005.448719999997,99.1405611877784,1,1,1,1
540,19999.797552,62.7288827208261,1,1,1,1
541,18273.3936,85.90411836812798,1,1,1,1
542,19169.070816,99.18658995175866,1,1,1,1
543,18471.61512,99.80999034187164,1,1,1,1
544,18102.24864,91.16710585653551,1,1,1,1
545,20136.4296,68.25787516458281,1,1,1,1
546,18305.55216,90.5598913692654,1,1,1,1
547,20834.87616,98.3010221530774,1,1,1,1
548,17696.212799999998,92.35997568339324,1,1,1,1
549,17594.854032,87.13493778822067,1,1,1,1
550,17607.557184,96.82549890425848,1,1,1,1
551,18327.6576,28.772369781631,1,1,1,1
552,17494.7724,82.02566220850132,1,1,1,1
553,18268.9248,84.30162022475623,1,1,1,1
554,19408.55952,73.3940824576711,1,1,1,1
555,19541.232480000002,76.04420522930293,1,1,1,1
556,18440.058336000002,82.66506585466949,1,1,1,1
557,20538.411935999997,52.80646083027989,1,1,1,1
558,17074.0248,98.26783725068506,1,1,1,1
559,18455.557344,80.72639503500001,1,1,1,1
560,18238.470768,97.58292103491009,1,1,1,1
561,17434.16808,79.26333287593731,1,1,1,1
562,17825.290559999998,70.89335398541004,1,1,1,1
563,19103.399952,95.23830623667608,1,1,1,1
564,17785.7064,91.16642717841152,1,1,1,1
565,18305.0112,96.65532538824527,1,1,1,1
566,17877.11856,84.42839536330665,1,1,1,1
567,19766.970719999998,56.81051024392043,1,1,1,1
568,18137.3472,79.12967020283328,1,1,1,1
569,19329.198,73.31487263463208,1,1,1,1
570,17378.720688,86.6893651470067,1,1,1,1
571,18480.0504,64.42804299042919,1,1,1,1
572,18356.310672,91.4383014401675,1,1,1,1
573,17651.36856,91.2422998102518,1,1,1,1
574,19127.9088,82.26111627984113,1,1,1,1
575,17954.808480000003,89.24675785337182,1,1,1,1
576,19606.63488,66.8548105977248,1,1,1,1
577,17887.40016,99.52218124966338,1,1,1,1
578,18139.536576,82.225806284981,1,1,1,1
579,18312.905855999998,98.05927692671466,1,1,1,1
580,17526.56304,84.82521642479229,1,1,1,1
581,16834.03008,97.13821602541788,1,1,1,1
582,18478.50816,82.0297056723455,1,1,1,1
583,17321.707199999997,71.9512968345207,1,1,1,1
584,17776.05984,63.02746590477749,1,1,1,1
585,17571.62232,95.56471534087704,1,1,1,1
586,19816.53744,93.36446798067666,1,1,1,1
587,16860.241439999998,99.35921892350918,1,1,1,1
588,21423.778656000002,61.89142465240749,1,1,1,1
589,17786.513808000003,81.28647619893356,1,1,1,1
590,19404.858816,94.79184628382436,1,1,1,1
591,18601.529184,57.52859921237543,1,1,1,1
592,17310.62256,96.82146692461905,1,1,1,1
593,17954.99664,94.98805124693034,1,1,1,1
594,19200.577536,89.47140460996074,1,1,1,1
595,18388.65168,94.08598060131486,1,1,1,1
596,18172.4928,76.57887191248096,1,1,1,1
597,18082.95216,96.4589324385834,1,1,1,1
598,18046.83552,94.40264630818469,1,1,1,1
599,18188.965536,97.48549017141744,1,1,1,1
600,18248.91936,98.82029250905497,1,1,1,1
601,19298.761440000002,52.73400032993589,1,1,1,1
602,18160.76304,72.08697616488875,1,1,1,1
603,18498.058992,92.86059872009464,1,1,1,1
604,16979.252640000002,85.97795006032581,1,1,1,1
605,19609.67568,33.6243863298621,1,1,1,1
606,18295.81152,95.5029893926103,1,1,1,1
607,18042.478944,94.174874647021,1,1,1,1
608,20143.04208,80.97263567265037,1,1,1,1
609,21502.09488,93.2308191004808,1,1,1,1
610,18793.59888,72.02858877450741,1,1,1,1
611,17778.232752,97.46840158379092,1,1,1,1
612,18149.64648,98.91856661098998,1,1,1,1
613,19769.8536,71.82393566035849,1,1,1,1
614,18228.34608,80.772412470358,1,1,1,1
615,19498.253376,90.70365354817916,1,1,1,1
616,19107.02472,64.92167808007139,1,1,1,1
617,17737.395312,27.012110562965468,1,1,1,1
618,16875.643679999997,91.75837377464624,1,1,1,1
619,19182.57936,95.20388178068114,1,1,1,1
620,17378.55168,77.23727971674099,1,1,1,1
621,17201.692704,92.28952634357168,1,1,1,1
622,18249.663936,95.42348985291736,1,1,1,1
623,20275.693536000002,52.013128833095536,1,1,1,1
624,17899.590239999998,83.58949251810715,1,1,1,1
625,18066.96864,93.94298409463892,1,1,1,1
626,18046.274400000002,95.6330164057878,1,1,1,1
627,17688.022464,96.97307510803704,1,1,1,1
628,19417.03512,96.79699898243928,1,1,1,1
629,20959.462944,66.88100156030674,1,1,1,1
630,18232.738944,70.07374734506213,1,1,1,1
631,18413.484096,79.63631424943325,1,1,1,1
632,17698.2624,99.05397278193912,1,1,1,1
633,18314.352000000003,95.4252352995104,1,1,1,1
634,20513.1276,65.88840476348527,1,1,1,1
635,18439.839936,89.55533411179657,1,1,1,1
636,17806.072367999997,66.44551118064882,1,1,1,1
637,18208.51536,67.5882034052223,1,1,1,1
638,17006.556,85.93221211870012,1,1,1,1
639,19495.992432000003,95.91406179813222,1,1,1,1
640,19280.948736,77.78249949280979,1,1,1,1
641,19060.29552,95.92196632555492,1,1,1,1
642,17051.86896,91.63737222980848,1,1,1,1
643,17766.14616,35.73445985339835,1,1,1,1
644,18238.3992,77.32401641644385,1,1,1,1
645,20623.100736,57.4835740134945,1,1,1,1
646,17588.038608,34.61931642759839,1,1,1,1
647,17168.559744,99.86464210116422,1,1,1,1
648,18784.1136,20.95437550694413,1,1,1,1
649,18464.12904,68.95291610430495,1,1,1,1
650,16851.8364,86.71152174736335,1,1,1,1
651,19559.91744,96.72904059824508,1,1,1,1
652,21319.4016,79.75570842253893,1,1,1,1
653,18459.715679999998,28.244657031491048,1,1,1,1
654,18267.7404,94.11361263979975,1,1,1,1
655,18428.121600000002,92.18288039490156,1,1,1,1
656,18286.862496,12.3425490198891,1,1,1,1
657,18481.105440000003,76.35338215646604,1,1,1,1
658,19318.48128,95.59090290822144,1,1,1,1
659,18727.003679999998,63.29151620837203,1,1,1,1
660,19826.980320000002,92.16456532864592,1,1,1,1
661,19283.87664,54.26232117978975,1,1,1,1
662,21517.1292,75.49843850701217,1,1,1,1
663,17082.40128,93.84935369258572,1,1,1,1
664,16921.036272,85.16903346860107,1,1,1,1
665,17380.58448,85.22912004537652,1,1,1,1
666,17608.83936,83.88292386011302,1,1,1,1
667,17497.744319999998,90.42505428313125,1,1,1,1
668,21531.580896000003,98.09836608944046,1,1,1,1
669,18292.31376,81.4430041516483,1,1,1,1
670,19099.236240000002,85.53917737087633,1,1,1,1
671,17586.58608,82.92930890936675,1,1,1,1
672,18974.368896000004,99.42347967578571,1,1,1,1
673,19110.143136,29.34868343778506,1,1,1,1
674,20136.841536000004,84.98442368225146,1,1,1,1
675,17958.59856,38.00325558368873,1,1,1,1
676,21257.60784,84.92389056117456,1,1,1,1
677,19156.4016,84.99306006859236,1,1,1,1
678,17998.250928,84.54451981535875,1,1,1,1
679,18899.72448,84.18411537145846,1,1,1,1
680,18190.86192,71.59521226167558,1,1,1,1
681,19931.206512,46.00683164493983,1,1,1,1
682,17670.70368,93.06013010379232,1,1,1,1
683,17543.44704,71.55608819649754,1,1,1,1
684,20765.91888,82.60765117442939,1,1,1,1
685,18092.98848,93.89639292605904,1,1,1,1
686,17999.622816,77.0858969917896,1,1,1,1
687,21314.847120000002,93.3332518144614,1,1,1,1
688,18943.525439999998,73.67643074138422,1,1,1,1
689,20742.237599999997,88.0946411646195,1,1,1,1
690,18177.80832,86.35434248556159,1,1,1,1
691,19683.424320000002,69.79753026348361,1,1,1,1
692,20427.517488,21.553329274811578,1,1,1,1
693,17846.79792,95.77401398312271,1,1,1,1
694,21259.770336,94.1467472999174,1,1,1,1
695,19043.81304,97.59186928608992,1,1,1,1
696,19084.097759999997,95.93887573129828,1,1,1,1
697,19023.305279999997,96.65219601431578,1,1,1,1
698,18342.305519999998,97.3922206753224,1,1,1,1
699,18008.7852,77.97405404557247,1,1,1,1
700,17686.57632,88.5524564011916,1,1,1,1
701,18105.83712,86.90852263730669,1,1,1,1
702,17997.43344,69.96211117301213,1,1,1,1
703,19287.7776,90.56459008051438,1,1,1,1
704,21582.527904,81.0033883753783,1,1,1,1
705,17720.544576,77.79096841492522,1,1,1,1
706,18093.79824,70.37790220348595,1,1,1,1
707,18216.328704,55.72655612545169,1,1,1,1
708,16840.73328,90.8122960496849,1,1,1,1
709,17279.36784,90.12063821016912,1,1,1,1
710,18724.91376,98.32573823989712,1,1,1,1
711,18457.90464,78.7389875782184,1,1,1,1
712,17495.604,95.9000629983274,1,1,1,1
713,17003.21616,97.5953527643262,1,1,1,1
714,17425.87728,96.57318380715304,1,1,1,1
715,17730.1656,78.78545832208236,1,1,1,1
716,20141.49984,54.89180536076059,1,1,1,1
717,21624.872639999998,93.94841170659564,1,1,1,1
718,20636.72016,43.542878378276434,1,1,1,1
719,18579.545376000002,91.01598874375216,1,1,1,1
720,16953.31008,66.43375310541059,1,1,1,1
721,19116.63936,95.84125926893938,1,1,1,1
722,19667.58696,80.54703167202304,1,1,1,1
723,18439.59936,93.88992175090551,1,1,1,1
724,16928.484384,89.07288971792872,1,1,1,1
725,18429.864432,84.21810394417697,1,1,1,1
726,17685.577056000002,81.4472157522328,1,1,1,1
727,17423.34552,87.35546949362218,1,1,1,1
728,18760.052639999998,82.59096025404345,1,1,1,1
729,17113.629119999998,93.01658926229798,1,1,1,1
730,21060.08688,86.71776236855649,1,1,1,1
731,19580.9796,93.79715442664308,1,1,1,1
732,17634.5736,99.8764427744308,1,1,1,1
733,20198.783472,40.09181472166384,1,1,1,1
734,18467.435279999998,84.67036727078029,1,1,1,1
735,20507.594352,51.12327303397351,1,1,1,1
736,18080.484576000003,92.74496656472378,1,1,1,1
737,18343.311840000002,96.96590081148312,1,1,1,1
738,18151.699104,84.88960365663539,1,1,1,1
739,19227.20184,57.66461355723134,1,1,1,1
740,20348.327999999998,83.10305549594658,1,1,1,1
741,19053.39744,67.22208869190192,1,1,1,1
742,16928.72664,80.63496357738946,1,1,1,1
743,18231.81696,80.43331674336106,1,1,1,1
744,18674.6784,99.87731060003972,1,1,1,1
745,18328.38336,86.85900722083989,1,1,1,1
746,17700.70344,85.94569774638431,1,1,1,1
747,18183.71856,95.50950013283251,1,1,1,1
748,19955.84304,79.78691033518277,1,1,1,1
749,18833.24688,63.49390981415056,1,1,1,1
750,17810.96688,86.66684075545409,1,1,1,1
751,17090.558016,62.17947017435507,1,1,1,1
752,20063.42184,76.96315422461564,1,1,1,1
753,18367.51392,83.57297818511682,1,1,1,1
754,18989.158944,72.66405321364633,1,1,1,1
755,20726.079360000003,19.827743304623898,1,1,1,1
756,17767.352064,94.47938965648598,1,1,1,1
757,17908.177056,83.00112495024624,1,1,1,1
758,19566.892799999998,24.0291811698274,1,1,1,1
759,18707.59968,30.02412584901766,1,1,1,1
760,18267.76896,99.52093145687044,1,1,1,1
761,19063.405536000002,76.56605710509339,1,1,1,1
762,19013.54112,76.82818588638848,1,1,1,1
763,19338.995424,92.42991878056546,1,1,1,1
764,18362.398992,83.75625548086406,1,1,1,1
765,18123.43008,88.83384897721838,1,1,1,1
766,17347.728720000003,97.6649911865232,1,1,1,1
767,18005.394624,79.348558570519,1,1,1,1
768,18395.766144,86.04536643190517,1,1,1,1
769,19185.257279999998,98.0946800471048,1,1,1,1
770,18465.41088,97.40212444979346,1,1,1,1
771,18416.67744,98.35132706580328,1,1,1,1
772,17748.636528,80.88451108720412,1,1,1,1
773,19146.86928,99.8575276416276,1,1,1,1
774,16999.117968,68.47629572864803,1,1,1,1
775,18218.47104,74.02796135010398,1,1,1,1
776,16864.29696,85.40505283070898,1,1,1,1
777,18729.16416,97.23243736151426,1,1,1,1
778,18212.333328,96.26380241562477,1,1,1,1
779,19140.47016,84.92501891730646,1,1,1,1
780,19293.46608,99.04738386921484,1,1,1,1
781,18455.198832000002,87.0374035482667,1,1,1,1
782,16848.222719999998,95.00710991379106,1,1,1,1
783,17577.79632,92.30420001641792,1,1,1,1
784,21213.47088,99.5473458616562,1,1,1,1
785,18166.21296,65.40967945715786,1,1,1,1
786,20041.54992,14.385526343845576,1,1,1,1
787,18547.361279999997,82.47204617804994,1,1,1,1
788,19910.097984,93.59620095912948,1,1,1,1
789,17570.671103999997,74.4458665401528,1,1,1,1
790,18624.09696,42.10302671747553,1,1,1,1
791,19936.01904,50.90604129466816,1,1,1,1
792,18445.33824,91.65350483580276,1,1,1,1
793,17317.44672,93.66929561243768,1,1,1,1
794,17476.91232,86.89472674361518,1,1,1,1
795,20308.03152,69.93877650687277,1,1,1,1
796,17482.938144,97.36890871909826,1,1,1,1
797,20104.15344,91.750727159875,1,1,1,1
798,18469.26144,86.51405842559043,1,1,1,1
799,18786.251568,90.71473659189527,1,1,1,1
800,19860.778560000002,25.935965779978225,1,1,1,1
801,18893.537376,92.8139529813084,1,1,1,1
802,19205.15856,99.69571343733244,1,1,1,1
803,18257.245440000002,99.65058086166802,1,1,1,1
804,19135.447296000002,69.29827947699957,1,1,1,1
805,17773.101696,78.57779985717936,1,1,1,1
806,16942.390079999997,80.15371974907418,1,1,1,1
807,17831.436,95.37723582675106,1,1,1,1
808,18610.433184,96.13601864657323,1,1,1,1
809,16805.0064,75.64789858353213,1,1,1,1
810,20541.21888,54.80670201601891,1,1,1,1
811,17537.395679999998,98.26728341842276,1,1,1,1
812,17789.111424000002,73.20855949668514,1,1,1,1
813,18308.236800000002,81.61020401424636,1,1,1,1
814,19140.878399999998,92.158762832486,1,1,1,1
815,18310.54512,13.923298853186076,1,1,1,1
816,17529.259104,82.88933625085456,1,1,1,1
817,21137.878944,96.39783664344732,1,1,1,1
818,19873.394016000002,91.01861160475406,1,1,1,1
819,17267.0904,97.27201318306656,1,1,1,1
820,19580.31936,75.83214614084963,1,1,1,1
821,17243.93664,91.68242708159757,1,1,1,1
822,18176.706240000003,86.18937781766861,1,1,1,1
823,18262.722240000003,99.7564712563104,1,1,1,1
824,18721.205664,67.37351175603064,1,1,1,1
825,17897.735520000002,96.31814246524058,1,1,1,1
826,18177.25056,93.47838309501248,1,1,1,1
827,18472.6752,97.71815419503712,1,1,1,1
828,17675.359296,96.68934900352158,1,1,1,1
829,17795.0304,83.3967935851134,1,1,1,1
830,17458.5432,78.52053475572906,1,1,1,1
831,17653.75584,99.75810113705364,1,1,1,1
832,17827.217183999997,97.92127601353694,1,1,1,1
833,18143.46408,76.94947266425582,1,1,1,1
834,20619.18432,93.86811909818158,1,1,1,1
835,18265.469376,84.03176340168783,1,1,1,1
836,17768.899680000002,99.83527274636027,1,1,1,1
837,17782.064159999998,85.49485931709363,1,1,1,1
838,20606.92368,30.971814840380787,1,1,1,1
839,17863.90368,74.56238302282624,1,1,1,1
840,20138.517504,49.97713600268274,1,1,1,1
841,18292.00128,91.48072720800866,1,1,1,1
842,20445.564048,21.483300716646166,1,1,1,1
843,18460.758288,99.24791095404125,1,1,1,1
844,19887.490560000002,88.12180630347933,1,1,1,1
845,17017.863407999997,92.67898927691812,1,1,1,1
846,17841.56472,87.58734675187002,1,1,1,1
847,16939.717536,91.7419981454551,1,1,1,1
848,18368.48328,23.549338946669803,1,1,1,1
849,20135.701824,98.55794899959892,1,1,1,1
850,19456.01952,95.09546820965336,1,1,1,1
851,17984.20176,85.29156101025968,1,1,1,1
852,16945.787040000003,99.37212284574422,1,1,1,1
853,21389.70456,32.04329543318561,1,1,1,1
854,17849.621328,97.23672435272675,1,1,1,1
855,17926.673856,87.61570416325435,1,1,1,1
856,18010.8264,88.0347410439566,1,1,1,1
857,20040.04128,94.56140289656584,1,1,1,1
858,17401.06032,76.34483396405476,1,1,1,1
859,18335.504544,86.21201002022585,1,1,1,1
860,18109.656096000002,91.06789597518636,1,1,1,1
861,19846.26,92.85609380704192,1,1,1,1
862,17395.88424,85.41372856470623,1,1,1,1
863,17812.9224,99.48334541362544,1,1,1,1
864,17143.963200000002,93.78909088876496,1,1,1,1
865,17566.00608,64.51940067959215,1,1,1,1
866,17643.52128,89.02204465369402,1,1,1,1
867,18930.35928,65.50617511916917,1,1,1,1
868,18391.908864,95.96802602349186,1,1,1,1
869,17122.68432,88.40601709829646,1,1,1,1
870,18463.964736,85.00969746031745,1,1,1,1
871,21128.384256,98.40194342637496,1,1,1,1
872,20139.157919999998,95.92472249384338,1,1,1,1
873,19820.94912,63.94422345528479,1,1,1,1
874,17778.699456,87.52899816789426,1,1,1,1
875,18230.3016,98.51353114485468,1,1,1,1
876,18137.30352,63.83543880492572,1,1,1,1
877,17847.10032,96.90318546968356,1,1,1,1
878,18263.0952,77.51439400684116,1,1,1,1
879,17053.944432,84.86564127675203,1,1,1,1
880,18480.0168,69.35173417097272,1,1,1,1
881,18519.2952,61.64104624800497,1,1,1,1
882,19577.97744,98.70013128379344,1,1,1,1
883,17698.98816,98.6546941307038,1,1,1,1
884,18135.110783999997,86.51486775597917,1,1,1,1
885,19097.35968,55.782864018338685,1,1,1,1
886,17301.678239999997,84.8026837368691,1,1,1,1
887,18175.30848,73.69008945166321,1,1,1,1
888,18141.54552,37.15426513798632,1,1,1,1
889,20815.77624,91.10763376495282,1,1,1,1
890,19341.46704,64.06662061988636,1,1,1,1
891,19188.437184000002,81.25381737697768,1,1,1,1
892,18449.59536,83.02492456083607,1,1,1,1
893,18252.45072,84.38236821875795,1,1,1,1
894,17400.41184,78.65166667488421,1,1,1,1
895,18608.945376,84.65622096805365,1,1,1,1
896,17605.01904,82.1773144212275,1,1,1,1
897,17691.35424,96.318214347813,1,1,1,1
898,18624.7992,83.82766680859484,1,1,1,1
899,18331.432896000002,88.44436694372418,1,1,1,1
900,17530.685759999997,75.25107850718526,1,1,1,1
901,16896.57648,77.38477246371359,1,1,1,1
902,20338.99728,43.54500348045274,1,1,1,1
903,17866.02384,98.4761089212102,1,1,1,1
904,19349.817984,94.70429871710913,1,1,1,1
905,18019.44816,93.74558438416832,1,1,1,1
906,20965.65408,90.9519822893364,1,1,1,1
907,19200.326879999997,83.43778976997105,1,1,1,1
908,19595.475312000002,99.55239039704853,1,1,1,1
909,17785.89792,81.6499318812065,1,1,1,1
910,17564.85024,78.77094933143535,1,1,1,1
911,17011.793232,93.28589689298371,1,1,1,1
912,17837.637216000003,84.51186772025923,1,1,1,1
913,20056.362144000002,56.77187263451693,1,1,1,1
914,20134.15152,77.84079787615511,1,1,1,1
915,18295.319952,97.86119080130516,1,1,1,1
916,17504.024159999997,88.58678967003382,1,1,1,1
917,17446.42368,76.31849014185217,1,1,1,1
918,18049.65288,13.341852594139278,1,1,1,1
919,19020.869280000003,39.85705498109852,1,1,1,1
920,19280.061360000003,92.4835348989062,1,1,1,1
921,18462.40704,96.7147482764434,1,1,1,1
922,20703.39264,88.51835999864474,1,1,1,1
923,18046.875839999997,84.64535405879944,1,1,1,1
924,16936.25472,97.21685005704651,1,1,1,1
925,17425.616544,89.72546743863214,1,1,1,1
926,18127.886784,77.92857905587657,1,1,1,1
927,17366.430144,84.17849749845377,1,1,1,1
928,18104.25792,32.30286863109807,1,1,1,1
929,18483.841488,96.99987012327898,1,1,1,1
930,19997.135759999997,15.248745053295494,1,1,1,1
931,18982.594176,85.91773914753709,1,1,1,1
932,18938.097696,91.51069180762975,1,1,1,1
933,17728.472159999998,96.71324798026112,1,1,1,1
934,18709.061279999998,92.50671897946856,1,1,1,1
935,18608.87112,70.24476234127143,1,1,1,1
936,18361.41216,80.67705460974918,1,1,1,1
937,19700.014992,80.52152074078802,1,1,1,1
938,17659.74672,87.55164675904221,1,1,1,1
939,18113.21904,66.53789822606406,1,1,1,1
940,20572.997760000002,77.21314023021303,1,1,1,1
941,17116.449168,81.19319993692267,1,1,1,1
942,18432.741599999998,75.6406666975617,1,1,1,1
943,17210.79696,71.73670272567607,1,1,1,1
944,18886.784112,98.23074017564002,1,1,1,1
945,18070.180800000002,69.67821463193728,1,1,1,1
946,18235.634928,68.18522905278675,1,1,1,1
947,18115.818336,71.21869164739903,1,1,1,1
948,20407.084319999998,97.3096217145068,1,1,1,1
949,17343.9,71.68415229656556,1,1,1,1
950,17178.54768,97.52093020270748,1,1,1,1
951,22970.45016,70.67642966852519,1,1,1,1
952,17678.150784,74.99855560886797,1,1,1,1
953,20354.493599999998,82.80188633161256,1,1,1,1
954,18504.85224,66.6202580503621,1,1,1,1
955,18183.756528,68.1668734065535,1,1,1,1
956,19016.06448,34.27009564045982,1,1,1,1
957,18101.29272,95.54053404743571,1,1,1,1
958,17619.589679999997,77.8065016561176,1,1,1,1
959,18179.370720000003,76.18978480706843,1,1,1,1
960,17559.67248,97.21734025925832,1,1,1,1
961,18170.380368,65.30111196526083,1,1,1,1
962,17906.87472,76.48962021474117,1,1,1,1
963,19862.29392,84.86326078033443,1,1,1,1
964,19694.24016,71.48576564364815,1,1,1,1
965,18464.6952,83.81213575944474,1,1,1,1
966,17058.838944,80.97242642578948,1,1,1,1
967,17830.606079999998,93.46398807784848,1,1,1,1
968,18361.709856,93.16910247509324,1,1,1,1
969,19590.42624,67.92629168885398,1,1,1,1
970,18182.085600000002,85.26844136034858,1,1,1,1
971,18450.366144,77.17675132449347,1,1,1,1
972,18085.02864,86.9723405469626,1,1,1,1
973,20138.854176,86.38551627846122,1,1,1,1
974,18452.579039999997,80.90954338128788,1,1,1,1
975,17422.82304,86.93731244057435,1,1,1,1
976,18319.862399999998,70.40135741191237,1,1,1,1
977,18834.51024,95.76801697163006,1,1,1,1
978,18466.724639999997,89.93614320547445,1,1,1,1
979,17656.687776,89.98757698057759,1,1,1,1
980,17310.005664,78.76440811185655,1,1,1,1
981,17904.97968,84.05425040760582,1,1,1,1
982,17758.6248,94.74934008887158,1,1,1,1
983,18539.88192,97.02033624162186,1,1,1,1
984,18356.92992,91.64216479895552,1,1,1,1
985,21255.94464,76.63691547518893,1,1,1,1
986,17259.441024000003,38.47923286337014,1,1,1,1
987,18315.437280000002,84.58217868624952,1,1,1,1
988,20507.58192,96.8486754742284,1,1,1,1
989,18186.536256000003,83.91227465801745,1,1,1,1
990,20556.01632,92.5530460845324,1,1,1,1
991,18019.033199999998,91.67711066866862,1,1,1,1
992,20677.802880000003,94.6369274887696,1,1,1,1
993,17495.04288,91.25904198360698,1,1,1,1
994,17643.205439999998,74.27555291851216,1,1,1,1
995,18696.549984,86.50601250093683,1,1,1,1
996,20556.99912,53.9276856911726,1,1,1,1
997,18365.447519999998,82.40729228840799,1,1,1,1
998,18310.59888,85.26317741458467,1,1,1,1
999,18303.8184,90.11464942634817,1,1,1,1
1000,17285.76528,95.60873262275504,1,1,1,1
1001,18857.360256,80.90624173964696,1,1,1,1
1002,18419.746799999997,77.8046765694611,1,1,1,1
1003,19527.877488000002,68.89836159310416,1,1,1,1
1004,16933.951776,78.53758523471863,1,1,1,1
1005,18911.559744,35.932285691575345,1,1,1,1
1006,18096.01752,86.63062723937242,1,1,1,1
1007,17482.313184,91.8408974493169,1,1,1,1
1008,20555.28384,65.40351124775022,1,1,1,1
1009,18939.996096,22.361185191916835,1,1,1,1
1010,18034.4136,96.71416227706116,1,1,1,1
1011,18704.859264,80.09621062547389,1,1,1,1
1012,18846.39792,65.84643619790322,1,1,1,1
1013,20142.11808,85.08154823056869,1,1,1,1
1014,17714.22576,76.08236744249334,1,1,1,1
1015,19321.121232,97.23308726729432,1,1,1,1
1016,19351.037664,45.65878202250801,1,1,1,1
1017,18048.77424,73.40102154344518,1,1,1,1
1018,17825.470656,84.33961448389893,1,1,1,1
1019,19922.738975999997,84.72563792039557,1,1,1,1
1020,17411.833823999998,97.41890563823632,1,1,1,1
1021,17688.55704,97.92859255611896,1,1,1,1
1022,20108.46432,69.90981805483531,1,1,1,1
1023,18097.47576,71.1390204939438,1,1,1,1
1024,19081.427904,86.47926249123336,1,1,1,1
1025,18281.93808,83.41684027584975,1,1,1,1
1026,17818.010784,92.68597988003722,1,1,1,1
1027,18019.93536,98.063355895398,1,1,1,1
1028,20555.473007999997,95.41528895262722,1,1,1,1
1029,17084.387039999998,66.9067753538434,1,1,1,1
1030,19564.17456,28.38721402051483,1,1,1,1
1031,17271.830016,93.14557537892168,1,1,1,1
1032,18438.92064,62.2862653289237,1,1,1,1
1033,21520.48752,58.51722313454565,1,1,1,1
1034,18371.374559999997,95.81151332203288,1,1,1,1
1035,17334.09888,72.78667353593258,1,1,1,1
1036,19289.4744,82.47534663252227,1,1,1,1
1037,17465.530656,87.88397632236264,1,1,1,1
1038,17939.03664,99.63261430162682,1,1,1,1
1039,17733.562560000002,80.51346625473812,1,1,1,1
1040,16944.11712,94.8948277372116,1,1,1,1
1041,21673.431360000002,89.04259242382567,1,1,1,1
1042,19558.06944,64.4756593506529,1,1,1,1
1043,18097.78992,80.99667049922111,1,1,1,1
1044,18160.7832,78.47664481807112,1,1,1,1
1045,19033.76496,97.77208504629414,1,1,1,1
1046,18330.47664,88.73946623771629,1,1,1,1
1047,17221.5036,89.52710853217806,1,1,1,1
1048,18356.518992,99.7209030364889,1,1,1,1
1049,17617.5216,90.23588150720197,1,1,1,1
1050,17550.40224,99.68846534251048,1,1,1,1
1051,18155.21904,73.88847639106756,1,1,1,1
1052,17653.098960000003,92.55196160550854,1,1,1,1
1053,19286.78304,16.949986096139828,1,1,1,1
1054,20145.63936,87.69396744075105,1,1,1,1
1055,19263.39072,55.43655229152742,1,1,1,1
1056,18238.1136,97.44564130151696,1,1,1,1
1057,19228.42152,15.670458717627811,1,1,1,1
1058,19413.2232,94.41532939313214,1,1,1,1
1059,19201.143360000002,90.69722537990604,1,1,1,1
1060,17217.69504,97.88216805781327,1,1,1,1
1061,19760.97648,80.11111061417992,1,1,1,1
1062,19134.245759999998,97.6472071420705,1,1,1,1
1063,17857.18032,86.39355848505488,1,1,1,1
1064,16977.867312000002,94.02851688354724,1,1,1,1
1065,17612.56896,72.60981952179958,1,1,1,1
1066,18014.38464,68.0564550568453,1,1,1,1
1067,17648.849232,90.737245362061,1,1,1,1
1068,18546.70608,72.86657324968878,1,1,1,1
1069,16842.62832,84.30146903731278,1,1,1,1
1070,19608.31152,72.09838904489537,1,1,1,1
1071,19609.94112,97.8270491769824,1,1,1,1
1072,18369.232224,72.55466055298164,1,1,1,1
1073,17505.428640000002,95.47372112811004,1,1,1,1
1074,17734.60752,97.9394356635348,1,1,1,1
1075,17508.11832,95.04142800092252,1,1,1,1
1076,17637.3036,76.3321771828329,1,1,1,1
1077,16898.56896,96.4718920561982,1,1,1,1
1078,20039.16432,56.321929254967934,1,1,1,1
1079,16943.877216,92.40264845791177,1,1,1,1
1080,18907.53648,91.3734658247304,1,1,1,1
1081,20370.394128000004,99.13945914169078,1,1,1,1
1082,18980.39472,72.18065865923842,1,1,1,1
1083,18403.41216,94.87082522402794,1,1,1,1
1084,17251.728479999998,69.02541596685211,1,1,1,1
1085,18444.47136,98.03448997470814,1,1,1,1
1086,17283.69216,76.65938632842116,1,1,1,1
1087,19755.400224,75.43687503534709,1,1,1,1
1088,17111.796911999998,76.66277966540392,1,1,1,1
1089,20727.24192,31.71291860402056,1,1,1,1
1090,18295.608239999998,55.02908826924216,1,1,1,1
1091,17430.97104,81.98384424195906,1,1,1,1
1092,18251.23104,86.19571313061267,1,1,1,1
1093,16997.33616,88.64622027997379,1,1,1,1
1094,18187.216320000003,50.17199849324992,1,1,1,1
1095,18120.925536,92.0834394865065,1,1,1,1
1096,18480.9156,77.3492953109532,1,1,1,1
1097,19150.85424,84.30258649433624,1,1,1,1
1098,18278.057279999997,86.10723583818074,1,1,1,1
1099,18213.11856,74.86277024263181,1,1,1,1
1100,17021.94816,93.64430183121016,1,1,1,1
1101,19664.606976,88.6565877363253,1,1,1,1
1102,18018.12768,91.13278429495097,1,1,1,1
1103,17711.584799999997,95.51303135704411,1,1,1,1
1104,17562.69312,78.79574149336727,1,1,1,1
1105,19507.23768,96.52445179463297,1,1,1,1
1106,19574.48976,81.66269376751455,1,1,1,1
1107,19503.60384,79.11326646433147,1,1,1,1
1108,17356.248,97.95019168045536,1,1,1,1
1109,18462.34656,77.06970456075902,1,1,1,1
1110,17754.590448,94.37286792492122,1,1,1,1
1111,18782.746079999997,52.46968096331782,1,1,1,1
1112,17948.64792,62.27386176188332,1,1,1,1
1113,17748.336479999998,80.35986865266625,1,1,1,1
1114,17223.001824,82.99360080244345,1,1,1,1
1115,19697.40192,62.01375757835486,1,1,1,1
1116,18006.58272,86.69122528761484,1,1,1,1
1117,18313.85136,85.9090803178048,1,1,1,1
1118,17835.452208000002,73.4251140494525,1,1,1,1
1119,18817.8312,97.09598321921318,1,1,1,1
1120,17701.19232,77.47052232803448,1,1,1,1
1121,19266.9036,71.80883676368131,1,1,1,1
1122,18695.6448,86.30961965818487,1,1,1,1
1123,17441.954879999998,79.47070017242834,1,1,1,1
1124,19177.658639999998,80.04654913801417,1,1,1,1
1125,17455.68048,97.33397740997576,1,1,1,1
1126,18491.45424,83.60992325657483,1,1,1,1
1127,18564.563136,79.52580719066815,1,1,1,1
1128,18313.95216,98.9408697548644,1,1,1,1
1129,18479.323632,96.43628435100575,1,1,1,1
1130,18072.39168,64.2129298879478,1,1,1,1
1131,18465.368544,88.33448931598194,1,1,1,1
1132,18169.38144,25.841078594101702,1,1,1,1
1133,17859.29712,64.3965227842292,1,1,1,1
1134,17235.849120000003,97.96177249656392,1,1,1,1
1135,17299.637712,70.92721352356814,1,1,1,1
1136,17736.59664,92.13207819100522,1,1,1,1
1137,17279.79456,78.2510467332952,1,1,1,1
1138,18354.349439999998,73.24305482092396,1,1,1,1
1139,18179.67984,73.75251641083584,1,1,1,1
1140,19769.321040000003,69.04099954946949,1,1,1,1
1141,18458.85384,85.69544604151702,1,1,1,1
1142,19132.815744000003,96.93546612000397,1,1,1,1
1143,16954.65744,93.01838784742404,1,1,1,1
1144,18270.06384,83.02502149453417,1,1,1,1
1145,20638.55808,94.78614994264986,1,1,1,1
1146,18806.597376,89.44262537579927,1,1,1,1
1147,19210.02048,21.24184127297973,1,1,1,1
1148,18492.917856,83.31981409578262,1,1,1,1
1149,19098.607248,96.60059225113598,1,1,1,1
1150,17587.061520000003,88.04774043192597,1,1,1,1
1151,16998.73056,73.23771806408051,1,1,1,1
1152,17680.658352,87.21709521475965,1,1,1,1
1153,17726.44272,97.6775977271588,1,1,1,1
1154,18478.57872,99.81396066244636,1,1,1,1
1155,18442.48224,82.53023384289584,1,1,1,1
1156,21617.855952,92.332900488972,1,1,1,1
1157,18683.55216,81.7627118080269,1,1,1,1
1158,20417.21136,67.58650857587847,1,1,1,1
1159,18192.4008,74.93580454209705,1,1,1,1
1160,19352.65584,74.69952805788373,1,1,1,1
1161,19778.1696,83.70186418260126,1,1,1,1
1162,18080.786976,66.7686991047827,1,1,1,1
1163,18842.98752,91.2432235282061,1,1,1,1
1164,18366.96288,73.20229453386125,1,1,1,1
1165,18957.68448,99.06770920151097,1,1,1,1
1166,17813.78256,83.95740541008874,1,1,1,1
1167,18252.050880000003,96.48896349036342,1,1,1,1
1168,17497.788,77.72145118274776,1,1,1,1
1169,18527.34576,86.63516279262305,1,1,1,1
1170,18185.1264,85.0390894720375,1,1,1,1
1171,17742.09024,85.58458618255088,1,1,1,1
1172,17196.79416,78.90478108587313,1,1,1,1
1173,17935.117535999998,79.63746415558323,1,1,1,1
1174,18472.23504,76.74823953806191,1,1,1,1
1175,18479.51784,95.96272075443466,1,1,1,1
1176,17221.08696,25.111573160800635,1,1,1,1
1177,17476.536,91.27639886265489,1,1,1,1
1178,17531.9256,90.04707140381426,1,1,1,1
1179,19113.767904,43.67648589024124,1,1,1,1
1180,18023.85648,87.55132191222698,1,1,1,1
1181,18164.22048,69.86928467226456,1,1,1,1
1182,18948.163247999997,98.0894289020067,1,1,1,1
1183,17356.26144,88.61974790428523,1,1,1,1
1184,17811.66576,88.14034289496928,1,1,1,1
1185,21970.46544,98.38830198058852,1,1,1,1
1186,17807.408639999998,83.43579208231755,1,1,1,1
1187,20153.50848,92.51614015195744,1,1,1,1
1188,17041.535616,82.44724304804161,1,1,1,1
1189,18054.20736,89.44283941053192,1,1,1,1
1190,18827.780160000002,93.43988859912852,1,1,1,1
1191,18383.475599999998,80.70858880347049,1,1,1,1
1192,18008.72304,94.81412859858403,1,1,1,1
1193,17544.129119999998,89.97381704914575,1,1,1,1
1194,18725.29344,96.1928122488344,1,1,1,1
1195,19551.972048,33.55899585740407,1,1,1,1
1196,17513.15664,89.09119458523129,1,1,1,1
1197,18212.78256,97.30634233088358,1,1,1,1
1198,17968.910399999997,68.88562344402126,1,1,1,1
1199,18143.051472,96.79268530928752,1,1,1,1
1200,16843.5792,80.49809148019231,1,1,1,1
1201,18565.9488,83.90092303785698,1,1,1,1
1202,19176.61536,58.044344124555145,1,1,1,1
1203,18937.168319999997,60.80899639157512,1,1,1,1
1204,19026.812112,35.459456393079094,1,1,1,1
1205,20119.98576,71.84707706953407,1,1,1,1
1206,22814.29248,98.24487881362676,1,1,1,1
1207,17371.020576000003,81.47898902823198,1,1,1,1
1208,18908.56968,90.32240086764148,1,1,1,1
1209,19193.662320000003,74.8653590509374,1,1,1,1
1210,17861.892047999998,85.53509077790277,1,1,1,1
1211,18995.711952,79.1705348030079,1,1,1,1
1212,18204.819359999998,70.85184213271003,1,1,1,1
1213,17070.567359999997,83.31676178453088,1,1,1,1
1214,17846.1864,90.5325923772769,1,1,1,1
1215,17621.502192,85.86351205554969,1,1,1,1
1216,17652.245856,85.30817788350355,1,1,1,1
1217,19134.90768,78.16991570619727,1,1,1,1
1218,17657.386656,64.38636512179852,1,1,1,1
1219,18153.57936,99.37686552924478,1,1,1,1
1220,19733.356272,67.23498430336882,1,1,1,1
1221,17346.7728,96.25272083853716,1,1,1,1
1222,18224.17128,67.23254550292944,1,1,1,1
1223,20156.085600000002,95.5506417281013,1,1,1,1
1224,17676.941184,89.935971488776,1,1,1,1
1225,18147.771936,87.86588513314926,1,1,1,1
1226,19115.127360000002,97.22475681523042,1,1,1,1
1227,18906.552,76.14354446679617,1,1,1,1
1228,22740.16584,24.396242678457018,1,1,1,1
1229,19349.09088,84.21692853176604,1,1,1,1
1230,18379.60992,77.18722184817662,1,1,1,1
1231,20140.36752,91.99921022424688,1,1,1,1
1232,18169.829664,96.20507259257616,1,1,1,1
1233,18207.647136,82.29734629833554,1,1,1,1
1234,17782.061808,70.82011238373596,1,1,1,1
1235,18641.90832,71.82299410584508,1,1,1,1
1236,17740.77984,90.35188349217069,1,1,1,1
1237,20152.18632,77.37911665988696,1,1,1,1
1238,17810.959152,81.25928704004929,1,1,1,1
1239,18978.8088,75.989735911591,1,1,1,1
1240,17585.72256,93.19124737626558,1,1,1,1
1241,18173.57808,91.48796137576896,1,1,1,1
1242,18351.71856,79.4746563707849,1,1,1,1
1243,18101.342784,74.03949594611872,1,1,1,1
1244,20537.400576,83.1804247878432,1,1,1,1
1245,17594.619840000003,75.75008433175215,1,1,1,1
1246,18478.594512,84.75561749006343,1,1,1,1
1247,18220.60128,70.60008546502873,1,1,1,1
1248,19402.379472,10.574886074221189,1,1,1,1
1249,19502.861279999997,82.53128743248249,1,1,1,1
1250,17642.49984,80.54900128627837,1,1,1,1
1251,22117.012848,92.4607432524114,1,1,1,1
1252,19010.92368,80.56957432940266,1,1,1,1
1253,21485.8056,90.38587759322192,1,1,1,1
1254,17198.81856,71.06310224900022,1,1,1,1
1255,17779.206144,91.24553254058354,1,1,1,1
1256,18144.722400000002,88.27912540379712,1,1,1,1
1257,17452.5456,75.03049586303587,1,1,1,1
1258,17955.146495999998,73.5633117594436,1,1,1,1
1259,20138.93952,78.49479516441735,1,1,1,1
1260,18804.500399999997,90.80760721639712,1,1,1,1
1261,17642.380559999998,92.5314941919112,1,1,1,1
1262,17735.278512,80.05907649489632,1,1,1,1
1263,18422.03328,89.27772385465263,1,1,1,1
1264,18016.089168000002,80.97172158142929,1,1,1,1
1265,17990.30016,81.21015818016637,1,1,1,1
1266,19207.967520000002,75.21973509333088,1,1,1,1
1267,18460.94208,75.90606704468469,1,1,1,1
1268,18364.752,87.77037695673457,1,1,1,1
1269,17840.303040000003,80.3980731681829,1,1,1,1
1270,18386.663904,93.51292693894266,1,1,1,1
1271,20630.43864,92.47633622132489,1,1,1,1
1272,18456.06336,88.58986970524471,1,1,1,1
1273,17613.160320000003,83.1045204855506,1,1,1,1
1274,17847.47328,94.21861667485196,1,1,1,1
1275,19637.08152,95.53465621207728,1,1,1,1
1276,19240.3008,66.08011410702481,1,1,1,1
1277,18406.64112,89.61952679789418,1,1,1,1
1278,16947.74424,94.30434411053086,1,1,1,1
1279,17240.44896,80.30432636910741,1,1,1,1
1280,17697.40896,90.13124410503916,1,1,1,1
1281,18921.222768,82.43977731461479,1,1,1,1
1282,18491.7768,83.29733372619239,1,1,1,1
1283,20567.922144,97.58205338646134,1,1,1,1
1284,18465.89808,92.90987176223342,1,1,1,1
1285,19907.71272,69.26199850175806,1,1,1,1
1286,17328.130176000002,92.25295134873409,1,1,1,1
1287,18480.85008,89.64329431182536,1,1,1,1
1288,16832.99688,92.6136665254457,1,1,1,1
1289,17686.91232,96.05071010920187,1,1,1,1
1290,18368.260848,73.05865281743999,1,1,1,1
1291,19050.42384,44.77968579621742,1,1,1,1
1292,16971.214175999998,77.23427041878767,1,1,1,1
1293,17863.20984,92.2720489481488,1,1,1,1
1294,19107.12048,20.927840409700032,1,1,1,1
1295,18329.594304,83.04816065379715,1,1,1,1
1296,19949.158992,93.7790989423692,1,1,1,1
1297,18478.942944,81.11373606277455,1,1,1,1
1298,17732.224272,86.99280531206252,1,1,1,1
1299,18470.13168,83.44406150837546,1,1,1,1
1300,17349.741696,95.2617905992644,1,1,1,1
1301,18160.92096,92.88694926245871,1,1,1,1
1302,18479.479199999998,85.44771203229024,1,1,1,1
1303,18386.163264,92.60226100036448,1,1,1,1
1304,19581.05352,97.01877854813549,1,1,1,1
1305,18462.93456,89.5862886379238,1,1,1,1
1306,19131.20832,90.49859708007,1,1,1,1
1307,17336.24928,81.85228093832391,1,1,1,1
1308,18480.72912,65.58193931222543,1,1,1,1
1309,17979.85728,76.25723700810074,1,1,1,1
1310,18992.887199999997,92.36502609602458,1,1,1,1
1311,18383.90064,90.88613991205608,1,1,1,1
1312,19031.538288,91.05316213945746,1,1,1,1
1313,19248.222336000003,87.79911428393443,1,1,1,1
1314,18199.7928,88.71438426548983,1,1,1,1
1315,18478.73328,92.4977540945983,1,1,1,1
1316,17793.45792,72.68366672500787,1,1,1,1
1317,18464.331312,93.73128242531864,1,1,1,1
1318,17046.430128,93.08491394011487,1,1,1,1
1319,21547.122239999997,72.14896473088788,1,1,1,1
1320,20043.328704,44.50372899742149,1,1,1,1
1321,17015.616576,70.0287972006273,1,1,1,1
1322,17325.47376,97.19441312553882,1,1,1,1
1323,17698.83024,88.06993072132549,1,1,1,1
1324,18277.01232,77.42889360213483,1,1,1,1
1325,17556.67536,92.4855952188211,1,1,1,1
1326,18993.402624,92.30041391933712,1,1,1,1
1327,18412.983456,90.86577278939984,1,1,1,1
1328,18412.112208,75.13077127045932,1,1,1,1
1329,19135.76448,73.45501553267201,1,1,1,1
1330,18456.98904,83.70514912091836,1,1,1,1
1331,19973.279424,89.04206763214154,1,1,1,1
1332,16995.31344,87.2716432213664,1,1,1,1
1333,17008.32,96.4179238117108,1,1,1,1
1334,18038.045759999997,84.67390225664425,1,1,1,1
1335,19001.363472,80.69382609344484,1,1,1,1
1336,18460.96896,80.37315256892732,1,1,1,1
1337,18275.6616,97.65582333009522,1,1,1,1
1338,18229.338288,96.66818573482372,1,1,1,1
1339,20160.669648,99.198240524878,1,1,1,1
1340,18326.221872000002,73.40761745917922,1,1,1,1
1341,19650.840384,98.33343630600164,1,1,1,1
1342,18444.09168,62.54411535402968,1,1,1,1
1343,18477.29688,83.6822351767197,1,1,1,1
1344,17165.104320000002,91.42157031972415,1,1,1,1
1345,18217.860864000002,13.94398722576335,1,1,1,1
1346,17234.106624,82.21211654362902,1,1,1,1
1347,19051.229231999998,76.27236988380183,1,1,1,1
1348,16946.29776,84.90239573822798,1,1,1,1
1349,19563.22032,96.43309304018354,1,1,1,1
1350,17704.1088,82.52462498057118,1,1,1,1
1351,18419.175936,92.33512080995732,1,1,1,1
1352,18065.65656,73.40355680269562,1,1,1,1
1353,17373.267408,90.72625639759684,1,1,1,1
1354,18090.568272,99.37377074239716,1,1,1,1
1355,17484.49416,93.31210620702784,1,1,1,1
1356,18476.498880000003,86.36896377459288,1,1,1,1
1357,17571.013488,73.71486666216492,1,1,1,1
1358,17710.29792,78.80795099771115,1,1,1,1
1359,18978.8508,72.60698437363925,1,1,1,1
1360,17282.95968,78.32456144432594,1,1,1,1
1361,18409.42992,93.28910097312534,1,1,1,1
1362,18052.051919999998,83.82304800030903,1,1,1,1
1363,17956.092,65.57506293911162,1,1,1,1
1364,17626.9464,78.43875354982987,1,1,1,1
1365,21588.50736,76.54311501670557,1,1,1,1
1366,21313.77696,84.751026478773,1,1,1,1
1367,17600.352,77.04110914136565,1,1,1,1
1368,17818.98048,95.80715520299846,1,1,1,1
1369,18042.497760000002,87.96250953703921,1,1,1,1
1370,19593.957599999998,87.29066337986421,1,1,1,1
1371,18479.5128,64.8349389526104,1,1,1,1
1372,19221.88464,51.59310645979393,1,1,1,1
1373,18002.25504,89.08030484154612,1,1,1,1
1374,19204.4496,93.45912779201532,1,1,1,1
1375,16946.588736,86.17252767105545,1,1,1,1
1376,17163.35712,82.08707075012002,1,1,1,1
1377,21147.29232,44.62008267755376,1,1,1,1
1378,20675.393760000003,96.32437186969328,1,1,1,1
1379,17679.201119999998,74.26512683462148,1,1,1,1
1380,20853.399840000002,50.06854828487022,1,1,1,1
1381,19415.905824,90.45481799572092,1,1,1,1
1382,17160.31632,71.01332948300025,1,1,1,1
1383,17484.24384,92.05426344256716,1,1,1,1
1384,18595.128384,79.85596833421982,1,1,1,1
1385,18902.931936,74.42952439172662,1,1,1,1
1386,20447.520576000003,92.13061656004312,1,1,1,1
1387,18845.109696,83.21313162219595,1,1,1,1
1388,17998.1424,91.75537126540006,1,1,1,1
1389,18170.062176,76.84552635807464,1,1,1,1
1390,17587.248,97.99365567941008,1,1,1,1
1391,18218.49456,94.2669886234636,1,1,1,1
1392,21066.293808000002,64.32086687465768,1,1,1,1
1393,20142.934559999998,52.84313706387881,1,1,1,1
1394,18739.90272,94.89950894773835,1,1,1,1
1395,20810.86224,74.93446970215597,1,1,1,1
1396,19438.091903999997,88.334652078061,1,1,1,1
1397,19383.455616,57.00399765652183,1,1,1,1
1398,17765.47248,96.08286240351715,1,1,1,1
1399,19040.312256,76.27878096602888,1,1,1,1
1400,19172.010816,80.23923383168751,1,1,1,1
1401,18130.35168,82.46927633163126,1,1,1,1
1402,18125.655744,87.85229526387286,1,1,1,1
1403,17368.327200000003,81.37548303261578,1,1,1,1
1404,19329.30384,63.42301003929855,1,1,1,1
1405,19018.20816,80.35082782125504,1,1,1,1
1406,19250.370720000003,89.74544119403124,1,1,1,1
1407,17547.096,92.84407607881056,1,1,1,1
1408,17536.15584,94.21507602024124,1,1,1,1
1409,20133.9516,89.22669981099916,1,1,1,1
1410,19042.18848,73.21749609549725,1,1,1,1
1411,17357.34,96.90780177490062,1,1,1,1
1412,20613.1212,93.32613508879274,1,1,1,1
1413,18337.22688,72.26582202239342,1,1,1,1
1414,19650.224159999998,33.1515577481815,1,1,1,1
1415,17258.787839999997,76.29340605842799,1,1,1,1
1416,17628.948959999998,80.4444175604859,1,1,1,1
1417,18053.2128,97.99142209277578,1,1,1,1
1418,18526.12944,64.22893243314495,1,1,1,1
1419,18261.091632,70.57348022970886,1,1,1,1
1420,17738.481600000003,71.51391967402199,1,1,1,1
1421,18470.439456,99.09886554497812,1,1,1,1
1422,18793.961760000002,29.8655800750709,1,1,1,1
1423,18184.97856,96.9912870948952,1,1,1,1
1424,18891.462239999997,77.60694832592712,1,1,1,1
1425,18634.7616,76.44769962699512,1,1,1,1
1426,16928.28816,79.31643818262874,1,1,1,1
1427,18890.373600000003,48.465848068265935,1,1,1,1
1428,20192.933376,96.26035896038653,1,1,1,1
1429,17014.252416,84.22786860048845,1,1,1,1
1430,19288.564847999998,94.24843702728614,1,1,1,1
1431,19116.82416,75.16001012584732,1,1,1,1
1432,18172.705488000003,99.00775777801243,1,1,1,1
1433,18434.22,97.57921555358324,1,1,1,1
1434,18272.44272,97.91974805462358,1,1,1,1
1435,20153.033376,76.88410425729079,1,1,1,1
1436,16889.41128,79.16133276737891,1,1,1,1
1437,19824.21336,92.68644258450897,1,1,1,1
1438,18026.222928,72.80588242478979,1,1,1,1
1439,17797.0296,99.60226077800084,1,1,1,1
1440,18254.79264,91.28016328025392,1,1,1,1
1441,17617.269600000003,96.98213952936294,1,1,1,1
1442,17989.791456000003,95.7284813039414,1,1,1,1
1443,18190.840079999998,84.22244144724219,1,1,1,1
1444,18674.85648,29.05359600190437,1,1,1,1
1445,19850.63808,23.11162618265553,1,1,1,1
1446,17673.05904,79.06580292806262,1,1,1,1
1447,18927.131999999998,83.45992458757325,1,1,1,1
1448,19159.33152,88.98631509293638,1,1,1,1
1449,19224.49536,54.90632089914696,1,1,1,1
1450,20393.103359999997,87.50882804069019,1,1,1,1
1451,19021.128,90.29136691605062,1,1,1,1
1452,18479.796048,75.15720280518467,1,1,1,1
1453,19280.78208,92.21373890235022,1,1,1,1
1454,18478.67616,92.89097420628994,1,1,1,1
1455,18756.627456,79.03352641719539,1,1,1,1
1456,17073.19656,88.3385318304943,1,1,1,1
1457,18329.519040000003,75.605232002235,1,1,1,1
1458,17764.780319999998,87.44356506631895,1,1,1,1
1459,18010.529712,84.47422491662465,1,1,1,1
1460,18908.545488,37.49594668588343,1,1,1,1
1461,21710.06208,86.44256907884325,1,1,1,1
1462,18047.2236,93.49730405190073,1,1,1,1
1463,18455.91384,94.64339578374008,1,1,1,1
1464,19808.54736,73.43485314140612,1,1,1,1
1465,17812.383120000002,98.54698528975734,1,1,1,1
1466,17084.62896,87.31628437932147,1,1,1,1
1467,17497.966080000002,88.69067849589253,1,1,1,1
1468,18251.49648,69.32750875029987,1,1,1,1
1469,19340.387136,99.17739850721038,1,1,1,1
1470,20399.19168,70.74594820760669,1,1,1,1
1471,18137.315616000004,72.51843293839582,1,1,1,1
1472,17754.49872,72.84195342801118,1,1,1,1
1473,17748.02568,92.86486403215088,1,1,1,1
1474,16994.48352,72.9990076428601,1,1,1,1
1475,17706.891888000002,82.71035788862623,1,1,1,1
1476,17668.0728,72.10329851181802,1,1,1,1
1477,20137.0176,98.24188742626646,1,1,1,1
1478,18302.19888,95.8006583510039,1,1,1,1
1479,18412.43376,67.8983141818654,1,1,1,1
1480,18990.80064,76.14238769028478,1,1,1,1
1481,18805.481856,67.83156445983066,1,1,1,1
1482,18103.8984,96.6104668989398,1,1,1,1
1483,18013.924320000002,97.05653971659687,1,1,1,1
1484,17607.82968,84.71095470064718,1,1,1,1
1485,18094.9104,94.84839806642312,1,1,1,1
1486,18225.05664,98.03084717123068,1,1,1,1
1487,17535.887039999998,38.3026495698847,1,1,1,1
1488,18415.987632,95.24084103968504,1,1,1,1
1489,17527.444703999998,69.5889598067,1,1,1,1
1490,18725.582400000003,96.52730949982671,1,1,1,1
1491,18458.317919999998,87.53971491911987,1,1,1,1
1492,18270.06048,87.18106556828339,1,1,1,1
1493,20135.2704,99.41525771104084,1,1,1,1
1494,18470.9616,71.30173117728086,1,1,1,1
1495,18140.12256,86.58832576120373,1,1,1,1
1496,17139.63552,94.98329065647748,1,1,1,1
1497,18252.311616000003,98.79083441461908,1,1,1,1
1498,18489.973824,94.17338309745972,1,1,1,1
1499,16895.17704,95.57302123705487,1,1,1,1
1500,17751.566447999998,96.23619630938866,1,1,1,1
1501,17895.673824,96.16796197835424,1,1,1,1
1502,16869.73008,69.74928468324526,1,1,1,1
1503,19502.32872,58.11910966045948,1,1,1,1
1504,17625.281184,16.72785326849297,1,1,1,1
1505,17601.61536,89.27440348293045,1,1,1,1
1506,17559.96144,94.43524046966644,1,1,1,1
1507,18503.190720000002,83.22955485380778,1,1,1,1
1508,18222.24768,85.88623074799992,1,1,1,1
1509,20882.783040000002,95.1705053325901,1,1,1,1
1510,17818.739568,90.9141816660824,1,1,1,1
1511,17267.41632,32.884054639660896,1,1,1,1
1512,19054.918176,85.35474334383186,1,1,1,1
1513,19599.417599999997,95.546695528397,1,1,1,1
1514,20634.704159999998,61.18787137905066,1,1,1,1
1515,17621.095632,35.06882078344442,1,1,1,1
1516,19298.489279999998,74.45975354486038,1,1,1,1
1517,18828.32784,52.28686150049143,1,1,1,1
1518,18390.83904,74.04924502252662,1,1,1,1
1519,18477.831456,71.77537935365241,1,1,1,1
1520,18472.977600000002,97.76313738662336,1,1,1,1
1521,17883.75456,83.56715028929291,1,1,1,1
1522,17210.819136000002,88.7322040797009,1,1,1,1
1523,17717.227919999998,75.42919332272507,1,1,1,1
1524,19185.346992,85.22397015073356,1,1,1,1
1525,16886.551248,81.94159539293798,1,1,1,1
1526,18241.911408,66.1194882750649,1,1,1,1
1527,21137.14008,75.42636472310627,1,1,1,1
1528,21569.8056,91.12872609080917,1,1,1,1
1529,18282.39504,74.20407899135267,1,1,1,1
1530,17636.853024,75.84982695034654,1,1,1,1
1531,18252.40032,92.652260266751,1,1,1,1
1532,19298.197968,79.76649824181865,1,1,1,1
1533,17853.943295999998,89.84329275841495,1,1,1,1
1534,18037.748736,81.8280982698352,1,1,1,1
1535,17742.46992,70.21891838591142,1,1,1,1
1536,17522.16144,91.989336994355,1,1,1,1
1537,18869.06112,84.1751505491224,1,1,1,1
1538,17917.914,98.9071183764157,1,1,1,1
1539,18984.41832,62.844999414300496,1,1,1,1
1540,16984.06416,96.52616796589172,1,1,1,1
1541,20152.8264,70.92179902138726,1,1,1,1
1542,19106.22,31.717676547883404,1,1,1,1
1543,20308.66992,63.10235283570371,1,1,1,1
1544,18687.1692,98.6937934032147,1,1,1,1
1545,19604.94144,98.6873769546273,1,1,1,1
1546,17775.730560000004,67.59090421372669,1,1,1,1
1547,20362.088880000003,84.70510238921601,1,1,1,1
1548,18145.11216,91.80023032235536,1,1,1,1
1549,20481.664896,77.27156893358443,1,1,1,1
1550,19178.293343999998,89.5203677444211,1,1,1,1
1551,18993.95568,85.58728751208719,1,1,1,1
1552,19613.774879999997,89.43641207564673,1,1,1,1
1553,18589.22016,27.95174926149607,1,1,1,1
1554,17740.619568000002,81.78629225621239,1,1,1,1
1555,17736.52944,88.21362870725214,1,1,1,1
1556,19316.178336,24.790348249937463,1,1,1,1
1557,20135.15952,75.39801248353552,1,1,1,1
1558,18688.41072,76.16974117524528,1,1,1,1
1559,19134.262560000003,87.34679209865045,1,1,1,1
1560,18781.7448,96.82503355404867,1,1,1,1
1561,18210.93792,90.77496081176756,1,1,1,1
1562,18111.492000000002,78.32886707314952,1,1,1,1
1563,18321.59952,90.0626722213439,1,1,1,1
1564,17964.912,83.95432316494544,1,1,1,1
1565,20041.438032,92.80980627229498,1,1,1,1
1566,18445.711199999998,86.13752647991329,1,1,1,1
1567,18428.075904,80.62134419311559,1,1,1,1
1568,19051.337760000002,14.307770159567914,1,1,1,1
1569,17708.160959999997,64.52549172135717,1,1,1,1
1570,18480.2268,64.61231723997824,1,1,1,1
1571,19281.7128,65.53435234419543,1,1,1,1
1572,17716.3728,99.18271379025148,1,1,1,1
1573,18245.268047999998,92.5360677996858,1,1,1,1
1574,19071.482640000002,94.5023074554592,1,1,1,1
1575,19146.760752000002,95.52889939150836,1,1,1,1
1576,18814.147632,85.86525230256613,1,1,1,1
1577,20845.87008,78.9718223690833,1,1,1,1
1578,18613.631568,68.0048226927625,1,1,1,1
1579,19554.647952,98.09039175173922,1,1,1,1
1580,19032.900095999998,77.4395284819829,1,1,1,1
1581,18165.225120000003,81.89124976327432,1,1,1,1
1582,18001.72584,96.45597202840142,1,1,1,1
1583,17991.706319999998,92.6735774192838,1,1,1,1
1584,17403.21744,78.32771358707272,1,1,1,1
1585,19588.0104,99.2725643906364,1,1,1,1
1586,17370.207456,98.70956947592204,1,1,1,1
1587,18162.71184,88.19575558887838,1,1,1,1
1588,17408.801760000002,97.64411145861786,1,1,1,1
1589,17683.945440000003,70.09431588403245,1,1,1,1
1590,18996.3144,31.86184950503626,1,1,1,1
1591,19658.14368,47.63037694949143,1,1,1,1
1592,18402.72336,16.930977185101842,1,1,1,1
1593,17695.12584,74.71575105783407,1,1,1,1
1594,19503.875999999997,82.48624627612037,1,1,1,1
1595,18474.832319999998,73.9854486336741,1,1,1,1
1596,21201.761280000002,65.62162445346853,1,1,1,1
1597,18207.413279999997,99.21987683496025,1,1,1,1
1598,18127.350192,73.37465799489131,1,1,1,1
1599,18139.05072,84.7387333470438,1,1,1,1
1600,21105.2856,83.67384604571399,1,1,1,1
1601,20143.782959999997,99.89411865889257,1,1,1,1
1602,17998.77576,71.03381560831318,1,1,1,1
1603,17965.901184000002,97.84346144069424,1,1,1,1
1604,19473.57552,88.19894528287578,1,1,1,1
1605,17456.376,90.44988260892757,1,1,1,1
1606,18360.139728000002,81.40195866595329,1,1,1,1
1607,18916.412256,94.37043274488286,1,1,1,1
1608,19527.0684,64.24869897460466,1,1,1,1
1609,17673.73776,81.43652951299507,1,1,1,1
1610,17529.326976,70.42119587000423,1,1,1,1
1611,17948.30688,90.1727904037224,1,1,1,1
1612,17988.383616,81.99013162942592,1,1,1,1
1613,18174.454031999998,97.4049477764215,1,1,1,1
1614,19100.86752,67.30443513316696,1,1,1,1
1615,17578.167264,88.94930132816233,1,1,1,1
1616,18071.32824,92.18881706750147,1,1,1,1
1617,17735.2896,88.65324032201083,1,1,1,1
1618,17893.322831999998,97.41585171366954,1,1,1,1
1619,16990.58256,90.60375822056405,1,1,1,1
1620,18125.950080000002,88.51728408843576,1,1,1,1
1621,17900.316000000003,82.22166903103356,1,1,1,1
1622,18227.275584,85.14461425140539,1,1,1,1
1623,17644.010496000003,54.78466930618541,1,1,1,1
1624,18932.25264,87.39536706250911,1,1,1,1
1625,18069.0216,96.39848984499156,1,1,1,1
1626,17912.286336,96.08855185504412,1,1,1,1
1627,19357.7664,92.77211512077946,1,1,1,1
1628,18067.094304,84.21612846904888,1,1,1,1
1629,19648.945679999997,73.27448386162057,1,1,1,1
1630,18214.63056,93.01188628696286,1,1,1,1
1631,17594.369184,77.56561858373291,1,1,1,1
1632,17056.465440000004,76.7778978378348,1,1,1,1
1633,18491.18208,88.19378548353279,1,1,1,1
1634,17683.400112,90.09148602744132,1,1,1,1
1635,19081.720559999998,91.02715538898084,1,1,1,1
1636,17187.925440000003,81.87477353657982,1,1,1,1
1637,18130.31808,71.93171852379325,1,1,1,1
1638,18217.73184,94.64073244771298,1,1,1,1
1639,17337.80496,82.5118670331743,1,1,1,1
1640,18160.84704,76.46720122652425,1,1,1,1
1641,18998.081759999997,63.85909441656102,1,1,1,1
1642,16962.02928,41.86004525517685,1,1,1,1
1643,17848.836432,96.24741676215446,1,1,1,1
1644,18347.997359999998,92.092185020435,1,1,1,1
1645,17634.54168,77.09927761569841,1,1,1,1
1646,18071.24592,81.4069552400463,1,1,1,1
1647,18258.60624,98.85705524056772,1,1,1,1
1648,18234.454560000002,95.85497451169606,1,1,1,1
1649,18105.80352,99.08142663640062,1,1,1,1
1650,18610.899888,94.66586729943133,1,1,1,1
1651,18306.114623999998,74.15731046332617,1,1,1,1
1652,18459.895104,95.6186899806518,1,1,1,1
1653,21094.85448,90.49961214028984,1,1,1,1
1654,18400.68384,48.57903677225394,1,1,1,1
1655,18043.0824,96.35412126425668,1,1,1,1
1656,17442.4824,93.9067797610534,1,1,1,1
1657,18190.345488000003,67.7547576700661,1,1,1,1
1658,17022.62016,65.74629243549758,1,1,1,1
1659,17025.29808,79.89761447436389,1,1,1,1
1660,18381.23448,90.18443951041034,1,1,1,1
1661,18482.00592,64.38515067673208,1,1,1,1
1662,19989.5472,98.9836428779628,1,1,1,1
1663,19000.85712,89.07649555589043,1,1,1,1
1664,18444.89136,84.65126064189866,1,1,1,1
1665,19288.069919999998,91.07803342135146,1,1,1,1
1666,19503.03936,53.198360137125725,1,1,1,1
1667,22518.05472,98.13004243236352,1,1,1,1
1668,20118.96432,97.10830341179722,1,1,1,1
1669,18999.907584,87.10523292489084,1,1,1,1
1670,17318.40096,91.57551113505504,1,1,1,1
1671,21065.79888,99.5053638261566,1,1,1,1
1672,18557.47152,75.80833340249795,1,1,1,1
1673,18487.0896,64.94615628616934,1,1,1,1
1674,17359.294511999997,90.4237291700995,1,1,1,1
1675,17745.6804,92.83018907342652,1,1,1,1
1676,18089.13456,84.7542179613486,1,1,1,1
1677,22752.8532,79.73772951585474,1,1,1,1
1678,17695.23168,89.10167225313087,1,1,1,1
1679,20749.847999999998,96.68680945306689,1,1,1,1
1680,18265.507680000002,81.8302188769617,1,1,1,1
1681,18017.912640000002,97.0135961103138,1,1,1,1
1682,18041.95008,85.72952263451887,1,1,1,1
1683,17584.99344,90.49085107637808,1,1,1,1
1684,18627.76272,76.37617393699412,1,1,1,1
1685,19112.28144,50.07443454879629,1,1,1,1
1686,18477.67824,84.9161697052923,1,1,1,1
1687,18550.219632,92.92446507188602,1,1,1,1
1688,17926.272,84.14569617823342,1,1,1,1
1689,18315.48432,96.84985409819996,1,1,1,1
1690,18140.339615999997,71.20567988802476,1,1,1,1
1691,17194.79328,24.40895994528329,1,1,1,1
1692,23329.656000000003,98.71155761428034,1,1,1,1
1693,18531.58944,94.41230492498816,1,1,1,1
1694,18242.111999999997,95.50869458565325,1,1,1,1
1695,18580.819152,71.78139881250095,1,1,1,1
1696,19516.16352,95.9482231422736,1,1,1,1
1697,18026.146992,72.34726342559357,1,1,1,1
1698,18154.644480000003,89.6264597199111,1,1,1,1
1699,19155.25416,97.08143452497796,1,1,1,1
1700,18323.98848,60.69020043941448,1,1,1,1
1701,22021.441344,65.2317276387334,1,1,1,1
